oid_shvil,width,shem_mikta,direction,bitzua,ms_orech,miflas,date_created,date_import,Shape_Length
1,2.5,נמיר מיוניצ'מן דרומה,דו סטרי,2012.0,95.1,,,10/08/2025 00:26:47,95.09675555792208
2,2.5,פרופס מנמיר עד קדושי השואה,דו סטרי,2013.0,201.14,,,10/08/2025 00:26:47,201.14451751148914
3,2.1,יאיר רוזנבלום מאורי צבי גרינברג עד פרופס,דו סטרי,2004.0,696.31,,,10/08/2025 00:26:47,696.3147646691378
4,2.5,"קק""ל מנמיר עד חיים לבנון",דו סטרי,2018.0,659.2,מדרכה,,10/08/2025 00:26:47,659.2028744592935
5,2.0,רקנאטי בגינה מקרן קיימת לישראל עד אחימאיר,דו סטרי,2018.0,362.67,,1530316800000.0,10/08/2025 00:26:47,362.6712422306126
6,2.8,שביל 2426 מרדינג עד ברזיל,דו סטרי,2000.0,156.6,,,10/08/2025 00:26:47,156.59645439787644
7,2.5,שי עגנון מאבן גבירול לאורך אשכול לוי,דו סטרי,2013.0,694.43,,,10/08/2025 00:26:47,694.4298172500658
8,2.0,איינשטיין מ- 2040 עד נמיר צד צפוני,,2012.0,413.56,,,10/08/2025 00:26:47,413.56305108391155
9,2.5,שי עגנון מנמיר עד לוי אשכול,דו סטרי,2013.0,430.6,,,10/08/2025 00:26:47,430.59741368240316
10,2.8,משעול 2364,דו סטרי,2000.0,388.46,,,10/08/2025 00:26:47,388.46114821558865
11,2.0,בני אפריים מרובינא עד קקל ,חד סטרי,2004.0,276.27,,,10/08/2025 00:26:47,276.27069948425117
12,2.0,אהרון בקר,,2013.0,187.27,,,10/08/2025 00:26:47,187.27094280692052
13,2.0,בני אפרים רומנו עד שטרית,,2004.0,954.15,מדרכה,,10/08/2025 00:26:47,954.1548396557325
14,,פארק הירקון,,2000.0,1872.57,מדרכה,,10/08/2025 00:26:47,1872.5686675689078
15,3.5,פארק הירקון,,2004.0,2820.53,,,10/08/2025 00:26:47,2820.525648413378
16,3.5,פארק הירקון שביל 7.10,דו סטרי,2022.0,1853.03,מדרכה,1640995200000.0,10/08/2025 00:26:47,1853.0296462916633
17,3.0,פארק הירקון,דו סטרי,2000.0,175.72,,,10/08/2025 00:26:47,175.72086036539196
18,1.0,פארק הירקון מאבן גבירול עד אייזיק רמבה,,2004.0,2354.4,,,10/08/2025 00:26:47,2354.396872807585
19,2.0,פארק הירקון,חד סטרי,2004.0,1715.47,,,10/08/2025 00:26:47,1715.47397640198
20,2.7,רוקח מנמיר עד איילון צפון,דו סטרי,2013.0,967.55,,,10/08/2025 00:26:47,967.5483209773424
21,2.5,רוקח מאבן גבירול עד נמיר כולל כניסה לפארק עד אבן גבירול,,2013.0,1033.26,,,10/08/2025 00:26:47,1033.2581909605703
22,3.0,פארק הירקון משד' רוקח עד אבן גבירול,,2004.0,859.83,,,10/08/2025 00:26:47,859.833806000621
23,2.0,"נמל ת""א מחבקוק עד שער ציון",דו סטרי,2012.0,258.55,,,10/08/2025 00:26:47,258.5468085013009
24,2.0,חבקוק,דו סטרי,2004.0,141.0,,,10/08/2025 00:26:47,140.9962657451876
25,2.4,טיילת 2397 מחבקוק  עד ככר אתרים,,2000.0,740.63,,,10/08/2025 00:26:47,740.6253445925532
26,2.0,הרברט סמואל מבריכת גורדון עד גולדמן,דו סטרי,2000.0,3022.24,,,10/08/2025 00:26:47,3022.241175858019
27,2.5,נורדאו מאבן גבירול עד הירקון,דו סטרי,2012.0,881.43,,,10/08/2025 00:26:47,881.4346722347174
28,1.5,פנקס מאבן גבירול עד גילוץ גדה דרומית,חד סטרי,2000.0,844.5,,,10/08/2025 00:26:47,844.5003825840914
29,1.0,פנקס מאבן גבירול עד גילוץ גדה צפונית,,2000.0,957.44,,,10/08/2025 00:26:47,957.4387741014193
30,1.6,נמיר מהרב גורן עד דורי שביל 7,,2021.0,914.42,כביש,1630454400000.0,10/08/2025 00:26:47,914.4245260541298
31,2.0,ויצמן משאול המלך עד דפנה גדה מזרחית,,2000.0,125.8,,,10/08/2025 00:26:47,125.79840383799831
32,1.5,דוד המלך מאבן גבירול עד ויצמן,דו סטרי,2000.0,565.2,,,10/08/2025 00:26:47,565.2031867220574
33,1.2,בלוך מבארי עד אבן גבירול גדה צפונית,חד סטרי,2012.0,367.67,,,10/08/2025 00:26:47,367.66981083277733
34,2.0,שד' בן גוריון ממלכי ישראל עד הירקון,,2004.0,1011.91,,,10/08/2025 00:26:47,1011.9119637602957
35,2.0,שד' חן ,דו סטרי,2000.0,615.48,,,10/08/2025 00:26:47,615.4798844477328
36,2.0,מלכי ישראל מאבן גבירול עד שד' חן,דו סטרי,2012.0,88.41,,,10/08/2025 00:26:47,88.40968446952544
37,2.0,קפלן מבגין עד אבן גיברול,דו סטרי,2000.0,737.65,,,10/08/2025 00:26:47,737.6517058781334
38,2.0,מרמורק מזרח מאבן גבירול עד הוברמן (מחודש),,2021.0,200.08,כביש,1619654400000.0,10/08/2025 00:26:47,200.0765735600593
39,2.5,קבוץ גלויות משלבים עד אמץ,דו סטרי,2013.0,262.68,,,10/08/2025 00:26:47,262.67584927734515
40,2.0,קבוץ גלויות מישראל גורי עד אסירי ציון,דו סטרי,2012.0,463.64,,,10/08/2025 00:26:47,463.64371852450216
41,1.5,אזר מישראל גורי עד אופטושן,חד סטרי,2004.0,122.16,,,10/08/2025 00:26:47,122.15854891081268
42,2.5,שביל 3383 עד בן צבי,,2000.0,262.53,,,10/08/2025 00:26:47,262.5344120120155
43,2.0,הלר חיים משד ירושלים עד באר שבע,דו סטרי,2000.0,372.68,,,10/08/2025 00:26:47,372.67680541748643
44,2.0,משעול 3956 מהספינה עד קדם,דו סטרי,2000.0,912.77,,,10/08/2025 00:26:47,912.768392913081
45,2.0,חבר הלאומים מעזה עד היינריך היינה,דו סטרי,2016.0,312.73,,,10/08/2025 00:26:47,312.72856899255936
46,2.0,הטייסים גד דרומית,דו סטרי,2004.0,1367.63,,,10/08/2025 00:26:47,1367.6267421350992
47,1.6,משה דיין גדה מערבית ,,2014.0,1277.92,כביש,,10/08/2025 00:26:47,1277.9247040113876
48,2.5,גבעתי מנגבה עד קרייתי,דו סטרי,2014.0,419.44,,,10/08/2025 00:26:47,419.4391808723299
49,2.5,שד' החייל מהגבור האלמוני עד מעפילים,דו סטרי,2004.0,896.69,,,10/08/2025 00:26:47,896.6936362001411
50,2.5,יד לבנים ממשה דיין עד יגאל אלון,דו סטרי,2000.0,707.92,,,10/08/2025 00:26:47,707.9243815741027
51,1.6,יצחק שדה ממשה דיין עד נירים גדה דרומית,חד סטרי,2013.0,724.37,,,10/08/2025 00:26:47,724.3702705768555
52,1.6,יצחק שדה ממשה דיין עד יגאל אלון גדה דרומית,חד סטרי,2013.0,617.02,,,10/08/2025 00:26:47,617.0156370233381
53,2.5,בת ציון מעמינדב עד קלמר,דו סטרי,2013.0,228.6,,,10/08/2025 00:26:47,228.6009473343443
54,1.5,ברנדיס,חד סטרי,2013.0,502.91,,,10/08/2025 00:26:47,502.9098112100757
55,2.0,לאונרדו דה וינצ'י מקפלן עד הארבעה,דו סטרי,2013.0,316.61,,,10/08/2025 00:26:47,316.6084792720538
56,1.5,יונה הנביא מאלנבי עד הירקון,,2014.0,323.86,,,10/08/2025 00:26:47,323.85863247611667
57,1.5,שיינקין מיהודה הלוי עד המלך ג'ורג,חד סטרי,2012.0,893.94,,,10/08/2025 00:26:47,893.9424517366878
58,2.5,משעול מנדלסון מהרצל עד גשר לבון,דו סטרי,2000.0,311.76,,,10/08/2025 00:26:47,311.75762282739186
59,2.5,ג'ורג' וויז מככר 2418 עד משל ירוחם,דו סטרי,2015.0,556.61,,,10/08/2025 00:26:47,556.6147371857021
60,2.5,משעול שירה מקלמר עד יד לבנים,דו סטרי,2013.0,197.03,,,10/08/2025 00:26:47,197.0327806504056
61,2.0,רוקח מככר שטרן עד החניון,דו סטרי,2013.0,281.19,,,10/08/2025 00:26:47,281.18996221402404
62,2.5,יגור משד' החייל עד לה גוארדיה,דו סטרי,2013.0,310.41,,,10/08/2025 00:26:47,310.4137914559732
63,2.5,צ'רצ'יל,דו סטרי,2013.0,242.58,,,10/08/2025 00:26:47,242.5820735189239
64,2.5,רחוב 1247 מלוחמי גליפולי  עד יגל אלון,דו סטרי,2004.0,232.78,,,10/08/2025 00:26:47,232.77705610102998
65,2.0,לאונרדו דה וינצ'י משאול המלך עד קפלן,דו סטרי,2012.0,247.89,,,10/08/2025 00:26:47,247.89296511793515
66,2.0,הגבורה מדם המכבים עד דרך השלום,דו סטרי,2015.0,237.7,,,10/08/2025 00:26:47,237.6998718937908
67,2.2,שפע טל דרך גבעת התחמושת מהשלום למונטיפיורי,דו סטרי,2015.0,101.83,,,10/08/2025 00:26:47,101.82508064032933
68,2.0,קלוזנר מקלצ'קין עד ג'ורג' וויז,דו סטרי,2015.0,799.48,,,10/08/2025 00:26:47,799.4845322273479
69,2.49,שטרייכמן  מלוי אשכול עד בזביס זינגר,דו סטרי,2015.0,430.44,,,10/08/2025 00:26:47,430.4381958841619
70,2.5,יצחק אלחנן ממוהליבר עד לפין,דו סטרי,2015.0,84.84,,,10/08/2025 00:26:47,84.84431342864542
71,1.8,החשמונאים מארניה עד קרליבך,דו סטרי,2016.0,238.36,,,10/08/2025 00:26:47,238.3616962449004
72,2.4,קרליבך מ- 454 עד ביליס מנחם,דו סטרי,2021.0,164.29,כביש,1638316800000.0,10/08/2025 00:26:47,164.28546284454893
73,2.0,עליית הנוער - מתלם תעש,דו סטרי,2016.0,149.5,,,10/08/2025 00:26:47,149.50247906975432
74,2.5,צ'לנוב מבגין עד שלמה,,2016.0,605.66,,,10/08/2025 00:26:47,605.6649845628576
75,2.5,קלצ'קין מקלוזנר עד מניה וישראל,דו סטרי,2017.0,465.33,,1496102400000.0,10/08/2025 00:26:47,465.3295636804267
76,2.0,קוממיות מקלוזנר עד שפיה,דו סטרי,2017.0,104.44,,,10/08/2025 00:26:47,104.44179699717859
77,2.0,יהודה הנשיא מרב אשי עד אנדרסן,דו סטרי,2017.0,755.13,,,10/08/2025 00:26:47,755.1260188592244
78,2.0,קוממיות חיבור לקקל,,2017.0,138.02,,,10/08/2025 00:26:47,138.02302857066476
79,2.5,שושנה פרסיץ מ-2040 עד מכללת לוינסקי,דו סטרי,2018.0,886.73,,,10/08/2025 00:26:47,886.731244631221
80,2.0,רמז מז'בוטינסקי עד פנקס,דו סטרי,2018.0,308.66,,1529280000000.0,10/08/2025 00:26:47,308.65524299297476
81,2.3,רמז מארלוזורוב עד זבוטינסקי,דו סטרי,2012.0,214.48,,,10/08/2025 00:26:47,214.48062006802013
82,2.0,מטלון מהעליה עד הר ציון,דו סטרי,2017.0,347.48,,,10/08/2025 00:26:47,347.4818061784227
83,2.5,נירים מיצחק שדה עד השלושה,דו סטרי,2018.0,272.63,,1530316800000.0,10/08/2025 00:26:47,272.63240674470114
84,2.5,הרכבת אלישברג עד הצפירה,,2014.0,317.87,,,10/08/2025 00:26:47,317.86521005222545
85,2.0,בצלאל יפה,דו סטרי,2014.0,48.22,,,10/08/2025 00:26:47,48.21710925597251
86,2.0,חכמי  לובלין מחכמי ישראל עד קבוץ גלויות,דו סטרי,2018.0,257.36,,1532995200000.0,10/08/2025 00:26:47,257.359259899491
87,2.0,הבעל שם טוב משד' ירושלים עד יפת,דו סטרי,2018.0,416.86,,,10/08/2025 00:26:47,416.8578712830497
88,2.0,צבי צור מיפת עד קדם,דו סטרי,2018.0,247.91,,1532995200000.0,10/08/2025 00:26:47,247.91347383757486
89,2.5,גן דוידוב,דו סטרי,2018.0,370.37,,,10/08/2025 00:26:47,370.37094185871695
90,3.0,יגאל ידין מתל גבירוים עד היינריך היינה,,2018.0,208.71,,,10/08/2025 00:26:47,208.71404663006436
91,2.3,רחוב 3922 גדה מערבית,חד סטרי,2018.0,436.4,,,10/08/2025 00:26:47,436.39937919910375
92,2.0,אייזיק חריף מסהרון עד יפת,דו סטרי,2014.0,116.64,,,10/08/2025 00:26:47,116.64178513497828
93,2.0,שקד משזר קורקידי,דו סטרי,2019.0,412.66,,,10/08/2025 00:26:47,412.66385766699614
94,1.7,שזר משקד עד שזר,דו סטרי,2019.0,127.1,,,10/08/2025 00:26:47,127.09533252944627
95,2.0,לוי אשכול מפרופס עד מאיר יערי,,2011.0,2541.1,,,10/08/2025 00:26:47,2541.096883737503
96,2.5,יריד המזרח,דו סטרי,2012.0,260.28,,,10/08/2025 00:26:47,260.28098806482683
97,2.2,בני דן מאבן גבירול עד יוחנן הגדי,דו סטרי,2016.0,173.33,,,10/08/2025 00:26:47,173.33231116297165
98,2.6,אבא אחימאיר מקשאני עד בית צורי,דו סטרי,2018.0,320.24,,,10/08/2025 00:26:47,320.2380934440699
99,2.5,רקנאטי מאבא אחימאיר עד קקל,דו סטרי,2018.0,348.36,,1530316800000.0,10/08/2025 00:26:47,348.35900817746005
100,2.4,ג'ורג' וויז מרוזנפלד שלום עד שבט ראובן,דו סטרי,2015.0,164.55,,,10/08/2025 00:26:47,164.5543771402268
101,2.18,אופנהיימה מקקל עד רב אשי,דו סטרי,2020.0,104.35,,,10/08/2025 00:26:47,104.34915005620387
102,3.2,מסוף סבידור מנמיר עד המסוף,דו סטרי,2019.0,129.48,,,10/08/2025 00:26:47,129.47645193627076
103,2.5,שאול המלך מאבן גבירול עד  נמיר,,2004.0,131.41,,,10/08/2025 00:26:47,131.4109376670885
104,1.5,ז'בוטינסקי מאבן גבירול עד נמיר גדה צפונית,,2016.0,620.47,,,10/08/2025 00:26:47,620.4702687382758
105,1.5,ז'בוטיסנקי מרמז עד נמיר גדה דרומית,חד סטרי,2016.0,500.72,,,10/08/2025 00:26:47,500.71762036586745
106,1.5,הרכבת מבני ברק עד הצפירה,חד סטרי,2014.0,84.86,,,10/08/2025 00:26:47,84.86359376328373
107,2.0,לה גווארדיה מ- 4870 עד החרש,דו סטרי,2000.0,122.85,,,10/08/2025 00:26:47,122.85393147368544
108,,פארק החורשות מקיבוץ גלויות עד בן צבי,דו סטרי,2013.0,1121.61,,,10/08/2025 00:26:47,1121.6120722378748
109,2.0,בן צבי מחיל שריון עד  שלבים,,2014.0,853.65,,,10/08/2025 00:26:47,853.6488895500031
110,2.2,שביל חיבור בין ארליך לשמואל ירחינאי,דו סטרי,2000.0,76.83,,,10/08/2025 00:26:47,76.82631929231454
111,1.0,בת ים משפתי ישנים עד זכרון קדושים,חד סטרי,2000.0,211.91,,,10/08/2025 00:26:47,211.90502141729377
112,2.5,מחרוזת,דו סטרי,2015.0,356.02,,,10/08/2025 00:26:47,356.0247938804164
113,2.5,רחוב 3920,,2000.0,209.34,,,10/08/2025 00:26:47,209.34299117682335
114,1.5,הטייסים מבר לב עד מחר,דו סטרי,2004.0,530.02,,,10/08/2025 00:26:47,530.0180685423243
115,1.6,משה דיין מהשלום עד יצחק שדה גדה מערבית,חד סטרי,2014.0,707.51,,,10/08/2025 00:26:47,707.5147136582901
116,2.0,ויצמן משאול המלך עד ברוביץ גדה מערבית,דו סטרי,2000.0,112.1,,,10/08/2025 00:26:47,112.09626702241067
117,2.6,הרב ניסים מבבלי עד הרב גורן,דו סטרי,2019.0,321.61,,,10/08/2025 00:26:47,321.6057577148293
118,2.0,סטפן צוויג מחנה רובינא עד יגאל מוסינזון,דו סטרי,2013.0,129.49,,,10/08/2025 00:26:47,129.48850757289304
119,2.0,דבורה הנביאה מדיסנצ'יק עד 2185,דו סטרי,2019.0,1762.47,,1572480000000.0,10/08/2025 00:26:47,1762.4683486979147
120,2.5,שנקר אריה מקויפמן עד המרד,דו סטרי,2000.0,109.0,,,10/08/2025 00:26:47,108.99785407520345
121,2.5,תובל מיגאל לון עד שד' ההשכלה,דו סטרי,2000.0,254.11,,,10/08/2025 00:26:47,254.108688549077
122,2.3,בשביס זינגר,דו סטרי,2012.0,110.59,,,10/08/2025 00:26:47,110.59378835626026
123,2.0,משה סנה מבני אפריים עד קרית שאול,חד סטרי,2000.0,95.72,,,10/08/2025 00:26:47,95.72137162531979
124,2.5,"אונטרמן מכ""ה עד בר לב",דו סטרי,2019.0,191.68,,,10/08/2025 00:26:47,191.67998790531936
125,2.0,קרייתי מגבעתי עד משה דיין,דו סטרי,2017.0,337.48,,1496102400000.0,10/08/2025 00:26:47,337.47575666664017
126,2.6,"מח""ל 4881 עד אלנקווה",דו סטרי,2020.0,256.78,כביש,1585612800000.0,10/08/2025 00:26:47,256.7821389934588
127,2.7,ברזילי ממקווה ישראל עד החשמל,,2019.0,149.87,,,10/08/2025 00:26:47,149.87442757843107
128,2.0,עזה מדאנטה עד חבר הלאומים,דו סטרי,2000.0,130.97,,,10/08/2025 00:26:47,130.96608094845064
129,2.5,גרוסמן מתל גיבורים עד גרינבויים,דו סטרי,2019.0,390.74,,1564531200000.0,10/08/2025 00:26:47,390.73941730745946
130,2.0,גרינבויים משקד עד גרוסמן,דו סטרי,2019.0,123.26,,1564531200000.0,10/08/2025 00:26:47,123.25978000204003
131,2.0,סהרון מפיקוס עד 3405,דו סטרי,2014.0,153.04,,,10/08/2025 00:26:47,153.03689490657487
132,2.0,יהודה הימית מאבוטבול עד נמל יפו גדה צפונית,חד סטרי,2012.0,571.73,,,10/08/2025 00:26:47,571.7291391493245
133,1.5,יהודה הימית מאבוטבול עד נמל יפו גדה דרומית,חד סטרי,2012.0,678.49,,,10/08/2025 00:26:47,678.4937818052223
134,2.5,בן צבי מ3320 ,דו סטרי,2013.0,105.7,,,10/08/2025 00:26:47,105.7028058497068
135,2.0,קויפמן מהמרד עד חלץ,,2013.0,306.81,,,10/08/2025 00:26:47,306.8091603271693
136,2.5,שמחה הולצברג משדרות ירושלים עד יפת,דו סטרי,2018.0,632.43,,,10/08/2025 00:26:47,632.4298390320517
137,1.8,ויצמן מבני דן עד פנקס גדה מזרחית,,2018.0,403.6,,,10/08/2025 00:26:47,403.5974878107197
138,1.2,בלוך משילה עד ארלוזורוב גדה דרומית,חד סטרי,2012.0,463.3,,,10/08/2025 00:26:47,463.2988654337083
139,2.0,משמר הירדן מדבורה הנביאה עד וולנברג,,2019.0,1455.95,,,10/08/2025 00:26:47,1455.9546626089373
140,2.0,שארית ישראל מ-3429 עד שד' ירושלים,דו סטרי,2019.0,482.78,,1566432000000.0,10/08/2025 00:26:47,482.7816674704901
141,3.0,פארק הירקון מגשר 9078 עד אבן גבירול,,2004.0,711.25,,,10/08/2025 00:26:47,711.2532755303932
142,2.5,רוקח מגשר התערוכה עד אבן גבירול,חד סטרי,2013.0,477.6,,,10/08/2025 00:26:47,477.60078350148035
143,3.0,"כ""ה ו- 4881 חיבור בין אונטרמן למחל",דו סטרי,2019.0,145.3,,,10/08/2025 00:26:47,145.2952378975371
144,3.0,הרב אשי + חיבור לקקל,דו סטרי,2017.0,213.78,,,10/08/2025 00:26:47,213.78391797822815
145,2.5, יוניצ'מן מנמיר עד 2040,,2014.0,391.64,,,10/08/2025 00:26:47,391.63840733231655
146,3.0,רחוב 2379,דו סטרי,2015.0,384.29,,,10/08/2025 00:26:47,384.2854800330786
147,2.29,ברלין אליהו מפייגלין עמיחי,חד סטרי,2000.0,132.44,,,10/08/2025 00:26:47,132.44262325805568
148,3.0,רוטלוי דוד מיקותיאל יוסף עד רוקח ,,2012.0,490.69,,,10/08/2025 00:26:47,490.69353689038564
149,2.4,בריכת גורדון,,2000.0,188.32,,,10/08/2025 00:26:47,188.3183794100532
150,2.0,"שד בן ציון מהמלך ג'ורג' עד תרס""ט",דו סטרי,2000.0,329.85,,,10/08/2025 00:26:47,329.8505383990903
151,2.0,שד' מלכי ישראל,דו סטרי,2012.0,229.5,,,10/08/2025 00:26:47,229.49944952441072
152,2.0,"מח""ל ממשה דיין עד אלנקווה מסלול צפוני",,2019.0,204.9,,1569456000000.0,10/08/2025 00:26:47,204.90362383297136
153,2.5,שד' ההשכלה מתובל עד החניון,דו סטרי,2000.0,141.16,,,10/08/2025 00:26:47,141.160307970127
154,2.0,"קק""ל מרקנאטי עד הגינה גדה צפונית",חד סטרי,2018.0,54.77,,,10/08/2025 00:26:47,54.76856683162833
155,2.0,חנה רובינא,,2014.0,268.35,,,10/08/2025 00:26:47,268.3499580720908
156,2.5,רחוב  1116 מיד לבנים עד לה גארדיה (גיבורי ישראל,דו סטרי,2013.0,181.54,,,10/08/2025 00:26:47,181.53564629140374
157,2.6,חנה זמר,,2016.0,406.65,,,10/08/2025 00:26:47,406.6492683227002
158,3.0,טיילת יפו,דו סטרי,2000.0,347.28,,,10/08/2025 00:26:47,347.27876909732623
159,2.5,הרב גורן מהרב ניסים עד איילון מסלול צפוני,חד סטרי,2020.0,159.82,מדרכה,,10/08/2025 00:26:47,159.82147868580233
160,2.7,דוד אבידן,דו סטרי,2020.0,128.29,כביש,1580256000000.0,10/08/2025 00:26:47,128.29426527561918
161,3.0,יגאל אלון  1333 עד השלום,דו סטרי,2020.0,355.92,כביש,1580256000000.0,10/08/2025 00:26:47,355.9209441017539
162,2.0,שד' בן גוריון מאבן גבירול עד הדסה,דו סטרי,2012.0,122.89,,,10/08/2025 00:26:47,122.88616132581582
163,2.5,שדרות ירושלים מארליך עד נחל הבשור,,2021.0,280.52,כביש,1622505600000.0,10/08/2025 00:26:47,280.5213078404292
164,2.0,הרב גורן (דרומי) מספיר פנחס עד נמיר,,2020.0,258.19,מדרכה,1595635200000.0,10/08/2025 00:26:47,258.19074041713407
165,2.3,מארק שאגאל מאמיר גלבוע עד 2040,דו סטרי,2020.0,84.46,מדרכה,1602892800000.0,10/08/2025 00:26:47,84.45659381729656
166,2.5,רפידים מבני אפריים עד מגדל שורשן,,2020.0,1146.01,כביש,1585612800000.0,10/08/2025 00:26:47,1146.0062341049224
167,2.0,"מח""ל מאל נקוה עד משה דיין צד דרומי",,2019.0,206.99,כביש,1569456000000.0,10/08/2025 00:26:47,206.99459640112667
168,3.0,יגאל אלון בגדה מזרחית מתובל עד 1334,,2018.0,224.95,,,10/08/2025 00:26:47,224.95476214525303
169,2.6,הרב ניסים מירושלמי עד הרב גורן,דו סטרי,2017.0,303.65,,,10/08/2025 00:26:47,303.64983952784
170,2.2,אופנהיימר רב אשי עד טאגור,דו סטרי,2020.0,240.07,ביניים,1585612800000.0,10/08/2025 00:26:47,240.06967329807077
171,2.5,טאגור מאופנהיימר עד חיים לבנון ,דו סטרי,2020.0,144.52,,1585612800000.0,10/08/2025 00:26:47,144.51727500950784
172,3.0,נמיר,,2014.0,161.32,,,10/08/2025 00:26:47,161.31590484229977
173,2.4,מקס ברוד,דו סטרי,2020.0,225.19,כביש,1590883200000.0,10/08/2025 00:26:47,225.18609301585775
174,2.4,וינגייט מיגאל אלון עד סוף החניון,דו סטרי,2013.0,210.42,,,10/08/2025 00:26:47,210.4183311894492
175,2.5,וינגייט מהחניון עד נתיבי איילון,דו סטרי,2020.0,191.04,,1585612800000.0,10/08/2025 00:26:47,191.04075782597505
176,2.5,חיבור וינגייט ללה גארדיה,דו סטרי,2020.0,62.53,,1585612800000.0,10/08/2025 00:26:47,62.52999010805236
177,2.4,גשר יהודית,דו סטרי,2020.0,250.84,,1580428800000.0,10/08/2025 00:26:47,250.8438519353096
178,1.9,יד המעביר מקהילת טשרנוביל עד קהילת יאסי ,דו סטרי,2020.0,149.8,כביש,1585612800000.0,10/08/2025 00:26:47,149.80180597989155
179,2.5,הדר יוסף שלום אש עד בני אפריים,,2020.0,381.41,רחוב,1585612800000.0,10/08/2025 00:26:47,381.41199244178654
180,2.5,גינת הדר יוסף,דו סטרי,2020.0,189.63,מדרכה,,10/08/2025 00:26:47,189.6304224266694
181,2.0,היינריך היינה מבן צבי עד נס לגויים מסלול מערבי,חד סטרי,2019.0,432.78,מדרכה,,10/08/2025 00:26:47,432.7788086647977
182,2.5,היינריך היינה מבן צבי עד גרוסמן יאיר מסלול מזרחי,חד סטרי,2019.0,535.63,מדרכה,,10/08/2025 00:26:47,535.6295995585698
183,2.0,צומת היינריך היינה בן צבי,חד סטרי,2019.0,52.24,כביש,,10/08/2025 00:26:47,52.23518311265246
184,2.0,שלבים מקיבוץ גלויות עד בן צבי,חד סטרי,2019.0,369.71,מדרכה,,10/08/2025 00:26:47,369.71198711416537
185,2.0,שלבים מקבוץ גלויות עד בן צבי מסלול מזרחי,חד סטרי,2019.0,256.06,מדרכה,,10/08/2025 00:26:47,256.0647036556952
186,2.0,צומת שלבים התחיה,חד סטרי,2019.0,67.73,כביש,,10/08/2025 00:26:47,67.7306966192404
187,2.0,צומת שלבים שארית ישראל,חד סטרי,2019.0,30.08,כביש,,10/08/2025 00:26:47,30.081161998968216
188,2.5,סלומון,דו סטרי,2020.0,228.83,כביש,1590364800000.0,10/08/2025 00:26:47,228.82819566016713
189,3.0,היינריך היינה מנס לגויים עד מסלול מערבי,דו סטרי,2019.0,543.29,כביש,,10/08/2025 00:26:47,543.2932843453636
190,2.0,צומת נס לגויים היינריך היינה,,2019.0,97.33,כביש,,10/08/2025 00:26:47,97.334374680291
191,3.5,היינריך היינה מגרוסמן מאיר עד יגאל ידין  שביל 2.1,,2019.0,296.05,מדרכה,,10/08/2025 00:26:47,296.0506751649971
192,2.5,לוין קיפניס מוילנסקי ארגוב,,2020.0,244.36,כביש,1593475200000.0,10/08/2025 00:26:47,244.35601111621517
193,2.5,קרמינצקי מההשכלה עד יגאל אלון,דו סטרי,2020.0,287.81,כביש,1590796800000.0,10/08/2025 00:26:47,287.811932537251
194,3.5,גרוסמן מגרינבויים עד הנריך היינה שביל 1.1,,2020.0,331.74,כביש,1602720000000.0,10/08/2025 00:26:47,331.7364344120625
195,2.5,דניאל הירקון עד הכרמל,דו סטרי,2020.0,288.19,כביש,1592265600000.0,10/08/2025 00:26:47,288.19339375294857
196,2.5,הארבעה קרליבך עד 1098,דו סטרי,2020.0,108.61,כביש,,10/08/2025 00:26:47,108.6122826025212
197,2.5,הלל הזקן מנגארה עד הארי,דו סטרי,2017.0,98.08,כביש,,10/08/2025 00:26:47,98.08089272294488
198,2.5,וילנסקי משה,דו סטרי,2020.0,304.83,כביש,1596067200000.0,10/08/2025 00:26:47,304.8264809005718
199,2.5,מנחם בגין 148-15156,דו סטרי,2020.0,190.71,כביש,1595894400000.0,10/08/2025 00:26:47,190.71457215132975
200,2.5,שלונסקי בני אפריים עד פנחס רוזן,דו סטרי,2020.0,723.74,כביש,1595462400000.0,10/08/2025 00:26:47,723.7426898842086
201,2.5,בירנית מבר לב עד לבני איתן,דו סטרי,2020.0,283.81,כביש,1593475200000.0,10/08/2025 00:26:47,283.8559560327205
202,2.5,ככר דיזנגוף,חד סטרי,2018.0,257.62,כביש,,10/08/2025 00:26:47,257.65759460130454
203,2.5,חיבור בין נמיר לגילוץ,דו סטרי,2020.0,64.03,מדרכב,1593475200000.0,10/08/2025 00:26:47,64.03329820024793
204,3.5,הוברמן מדיזנגוף עד ככר התרבות,דו סטרי,2020.0,145.93,מדרכה,1595980800000.0,10/08/2025 00:26:47,145.9320155325396
205,,מעבר חציה ויצמן דוד המלך,,2000.0,19.86,,,10/08/2025 00:26:47,19.86087338513378
206,2.5,אמיר גלבוע ממארק שאגאח עד שטרייכמן,דו סטרי,2020.0,318.85,כביש,1597104000000.0,10/08/2025 00:26:47,318.85272204218575
207,,מעבר חציה אבן גבירול יהודה המכבי,,2000.0,23.17,,,10/08/2025 00:26:47,23.172206497448624
208,2.5,1284,,2000.0,90.69,כביש,,10/08/2025 00:26:47,90.69122686712325
209,2.5,1284 מרוקח עד בני דן,דו סטרי,2000.0,126.06,,,10/08/2025 00:26:47,126.06284953496785
210,2.5,שביל מאחורי רחוב הברזל ,דו סטרי,2000.0,334.97,כביש,,10/08/2025 00:26:47,334.96901431264257
211,2.5,דניאל הירקון עד הרברט סמואל,דו סטרי,2020.0,97.13,כביש,1598918400000.0,10/08/2025 00:26:47,97.1313824501531
212,2.5,דיזנגוף אבן גבירול עד הוברמן,דו סטרי,2020.0,85.23,כביש,1598918400000.0,10/08/2025 00:26:47,85.22823460600527
213,2.5,ככר הא באייר שביל זמני,דו סטרי,2020.0,403.48,כביש,1599609600000.0,10/08/2025 00:26:47,403.47907324253407
214,2.5,יצחק אלחנן מהרברט סמואל עד הכובשים,דו סטרי,2020.0,107.92,כביש,1580256000000.0,10/08/2025 00:26:47,107.9241111596333
215,2.5,אבנר מזרח מרכז הספורט,דו סטרי,2020.0,292.19,כביש,1600300800000.0,10/08/2025 00:26:47,292.18991578314046
216,1.5,נח מוזס ממנחם בגין עד יגאל אלון שביל צפוני,חד סטרי,2020.0,195.76,כביש,1600819200000.0,10/08/2025 00:26:47,195.7625897163258
217,2.5,בן יהודה מארלוזורוב עד נורדאו,,2020.0,599.89,כביש,1601769600000.0,10/08/2025 00:26:47,599.8934490305687
218,2.5,פארק המסילה 3817,דוד סטרי,2020.0,970.47,כביש,1602288000000.0,10/08/2025 00:26:47,970.4735651691439
219,3.5,היינריך היינה מיגאל ידין עד גבול בת ים שביל 2,,2020.0,767.61,כביש,1602892800000.0,10/08/2025 00:26:47,767.6064854901956
220,1.5,נח מוזס שביל דרומי,חד סטרי,2020.0,199.11,כביש,1600819200000.0,10/08/2025 00:26:47,199.10826274106847
221,2.5,ארנס בלוך מנופי ים לים,דו סטרי,2020.0,381.22,כביש,1602892800000.0,10/08/2025 00:26:47,381.2222198430431
222,2.5,בנטוב מבן צבי עד גרוסמן,דו סטרי,2019.0,222.38,כביש,,10/08/2025 00:26:47,222.37860994202964
223,2.5,יד המעביר מקהילת יאסי עד מבצע קדש,דו סטרי,2020.0,243.04,כביש,1601856000000.0,10/08/2025 00:26:47,243.03686012274238
224,2.0,פארק דרום,,2013.0,2824.22,,,10/08/2025 00:26:47,2824.2172155180488
225,2.5,בירנית,,2011.0,681.72,,,10/08/2025 00:26:47,681.715065630105
226,2.5,פארק שגאל לים,דו סטרי,2020.0,425.51,מדרכה,1606176000000.0,10/08/2025 00:26:47,425.5104596541443
227,2.5,ככר אתרים והירידה לבן גוריון,דו סטרי,2020.0,140.8,מדרכה,1605571200000.0,10/08/2025 00:26:47,140.79819831472162
228,2.5,מגדל שרשן,דו סטרי,2020.0,245.58,כביש,1605657600000.0,10/08/2025 00:26:47,245.57931520888758
229,2.5,שלום אש,דו,2020.0,754.59,כביש,1611619200000.0,10/08/2025 00:26:47,754.5894571979576
230,2.5,בן יהודה מנורדאו עד דיזנגוף,,2021.0,446.9,כביש,1610668800000.0,10/08/2025 00:26:47,446.90062393365116
231,2.5,2381,דו סטרי,2020.0,34.05,כביש,1599523200000.0,10/08/2025 00:26:47,34.05394911901038
232,2.5,סשא ארגוב בית הספר עד וילנסקי,דו סטרי,2020.0,555.7,כביש,1599523200000.0,10/08/2025 00:26:47,555.6991455337536
233,2.5,דיזנגוף מבן יהודה עד התערוכה,דו סטרי,2021.0,137.52,כביש,1611187200000.0,10/08/2025 00:26:47,137.52149166122322
234,2.5,ארלוזורוב מבן יהודה עד הירקון,דו סטרי,2021.0,184.33,כביש,1614470400000.0,10/08/2025 00:26:47,184.33249167119413
235,2.5,פרי אליעזר מארלוזורוב עד הכניסה לחוף,דו סטרי,2021.0,157.07,כביש,1614470400000.0,10/08/2025 00:26:47,157.07118990804307
236,,מעבר חציה אבן גבירול פנקס,,2000.0,25.18,,,10/08/2025 00:26:47,25.179622972440406
237,,מעבר חציה אבן גבירול בזל,,2000.0,23.98,,,10/08/2025 00:26:47,23.979953138410046
238,3.0,גרינבויים מגרוסמן עד בן צבי 1.1,דו סטרי,2021.0,512.99,כביש,1615852800000.0,10/08/2025 00:26:47,512.9877681808509
239,,משה דיין גדה מזרחית,חד סטרי,2014.0,610.08,,,10/08/2025 00:26:47,610.0757326186397
240,2.0,יהודה המכבי מעקף לעבודות נתע באבן גבירול,,2021.0,68.93,כביש,1615766400000.0,10/08/2025 00:26:47,68.92815809061588
241,2.5,בוגרשוב משדרות בן ציון עד הירקון,דו סטרי,2021.0,889.0,כביש,1616630400000.0,10/08/2025 00:26:47,889.0022760302253
242,2.0,מרמורק מהוברמן עד יהודה הלוי,,2012.0,157.65,,,10/08/2025 00:26:47,157.64521709323387
243,2.5,"כ""ג יורדי הסירה (דיזנגוף הנמל)",דו סטרי,2021.0,214.69,כביש,1610841600000.0,10/08/2025 00:26:47,214.6946204498124
244,2.5,יהודה הלוי מהרכבת עד אלנבי ,,2021.0,489.34,כביש,1617494400000.0,10/08/2025 00:26:47,489.3444903579792
245,2.5,דיזנגוף מהוברמן עד קינג גורג,דו סטרי,2021.0,462.67,כביש,1609977600000.0,10/08/2025 00:26:47,462.6724009763621
246,3.5,פנחס ספיר דוש עד הרב גורן שרון 10,דו סטרי,2021.0,210.81,כביש,1614470400000.0,10/08/2025 00:26:47,210.8127580242956
247,2.5,לוין קיפניס מסשא ארגוב עד עיר שמש,דו סטרי,2021.0,179.43,מדרכה,1622332800000.0,10/08/2025 00:26:47,179.43248246960144
248,2.5,עיר שמש אבנר עד אבוקה,דו סטרי,2021.0,103.71,כביש,1622332800000.0,10/08/2025 00:26:47,103.70610463327321
249,2.5,אבוקה מענתות עד עיר שמש ,דו סטרי,2021.0,88.74,כביש,1622332800000.0,10/08/2025 00:26:47,88.74146078760987
250,2.0,פארק הירקון,,2000.0,33.95,,,10/08/2025 00:26:47,33.95283515590305
251,1.0,פארק הירקון מאבן גבירול עד אייזיק רמבה,,2004.0,262.23,,,10/08/2025 00:26:47,262.2293688921187
252,2.5,אופני דן פארק הירקון,,2021.0,801.38,מדרכה,1623801600000.0,10/08/2025 00:26:47,801.3828142283785
253,2.5,מרים החשמונאית,דו סטרי,2021.0,313.51,כביש,1617494400000.0,10/08/2025 00:26:47,313.5081704364121
254,1.5,אבן גבירול,,2002.0,2331.28,מדרכה,,10/08/2025 00:26:47,2331.281070790461
255,,מעבר חציה פנקס ,,2000.0,26.48,,,10/08/2025 00:26:47,26.48159954463938
256,2.5,שדרות ירושלים מבן צבי עד אילת,דו סטרי,2021.0,685.04,כביש,1622505600000.0,10/08/2025 00:26:47,685.0392833732661
257,2.5,שדרות ירושלים מבן צבי עד פסטלוצי,דו סטרי,2021.0,382.33,כביש,1622505600000.0,10/08/2025 00:26:47,382.3347261773485
258,2.0,ככר מחל אלנקווה,חד סטרי,2020.0,104.04,כביש,1601078400000.0,10/08/2025 00:26:47,104.07891240899096
259,2.5,פלומר מהתערוכה עד יריד המזרח,דו סטרי,2021.0,138.44,כביש,1623283200000.0,10/08/2025 00:26:47,138.44464296115433
260,2.0,רוקח משיטרית עד אייזיק רמבה,,2000.0,9.12,,,10/08/2025 00:26:47,9.116064337308902
261,2.5,שלבים התחברות לשארית ישראל,,2021.0,27.01,כביש,1624147200000.0,10/08/2025 00:26:47,27.008908165897708
262,2.5,נמל יפו,דו סטרי,2021.0,558.68,כביש,1627344000000.0,10/08/2025 00:26:47,558.6814449823755
263,2.5,דיזנגוף מירמיהו עד בן יהודה,דו סטרי,2021.0,103.67,כביש,1628985600000.0,10/08/2025 00:26:47,103.66569528169691
264,,קרן קיימת מחיים לבנון עד איילון,דו סטרי,2021.0,721.9,כביש,1627689600000.0,10/08/2025 00:26:47,721.8955326637691
265,2.5,ירמיהו מערב מבן יהודה עד דיזנגוף,דו סטרי,2021.0,148.34,כביש,1628985600000.0,10/08/2025 00:26:47,148.33940328022334
266,2.5,הרצל מדרך יפו עד בן צבי,,2021.0,1616.24,כביש,1630800000000.0,10/08/2025 00:26:47,1616.2402425035746
267,2.5,דיזנגוף מקינג ג'ורג' עד הככר גדה מזרחית,חד סטרי,2021.0,306.78,כביש,1634688000000.0,10/08/2025 00:26:47,306.7792382372154
268,1.5,דיזנגוף מהככר עד אסתר המלכה,חד סטרי,2021.0,63.18,כביש,1629936000000.0,10/08/2025 00:26:47,63.18353387270295
269,1.5,דיזנגוף מהככר עד בן גוריון גדה מזרחית,חד סטרי,2021.0,553.93,כביש,1629936000000.0,10/08/2025 00:26:47,553.9316726042032
270,1.5, דיזנגוף מהככר עד בן גוריון צד מערבי,,2021.0,678.53,כביש,1629936000000.0,10/08/2025 00:26:47,678.5289431200158
271,2.5,צומת 1285 על פרשת דרכים,,2021.0,121.89,כביש,1630454400000.0,10/08/2025 00:26:47,121.89494600216688
272,,צומת על פרשת דרכים ערבי נחל,,2021.0,118.2,כביש,1630454400000.0,10/08/2025 00:26:47,118.2014013350083
273,,סובה בעל פרשת דרכים,דו סטרי,2021.0,78.67,כביש,1630454400000.0,10/08/2025 00:26:47,78.67469409906177
274,,על פרשת דרכים ממנחם בגין עד הצומת1285,,2021.0,107.07,,,10/08/2025 00:26:47,107.0668917030753
275,2.5,מנחם בגין מערבי נחל עד בית 155,דו סטרי,2021.0,232.21,כביש,1630454400000.0,10/08/2025 00:26:47,232.2131424999133
276,2.5,מנחם בגין מבית 156 עד מערבי נחל,דו סטרי,2021.0,147.5,כביש,1630454400000.0,10/08/2025 00:26:47,147.49897227232807
277,,מקטע מתוך על פרשת דרכים,,2021.0,82.26,,1630454400000.0,10/08/2025 00:26:47,82.2613335147747
278,2.5,על פרשת דרכים מערבי נחל עד 1285 ,דו סטרי,2021.0,128.52,כביש,1630454400000.0,10/08/2025 00:26:47,128.5200662184339
279,,אבן גבירול מרוקח עד אוסישקין,,2000.0,342.07,,,10/08/2025 00:26:47,342.0679983004705
280,2.5,חיבור אוסישקין לפארק,דו סטרי,2021.0,38.96,כביש,1634774400000.0,10/08/2025 00:26:47,38.95590165634012
281,2.5,ספיר פנחס שרון 10,דו סטרי,2021.0,440.15,כביש,1635724800000.0,10/08/2025 00:26:47,440.15174272292205
282,2.5,יעקב דורי שרון 10,דו סטרי,2021.0,251.73,כביש,1635724800000.0,10/08/2025 00:26:47,251.7327878024239
283,2.5,שביל שרון פארק גני יהושע 9.1,דו סטרי,2021.0,195.61,,1636502400000.0,10/08/2025 00:26:47,195.60600804778403
284,1.0,פארק הירקון מאבן גבירול עד אייזיק רמבה,,2004.0,955.25,,,10/08/2025 00:26:47,955.2545867355374
285,2.5,מעבר חציה אבן גיברול זבוטינסקי והשלמה של זבוטינסקי,,2021.0,101.95,כביש,1636502400000.0,10/08/2025 00:26:47,101.95489936382387
286,2.5,אבן גיברול מז'בוטינסקי עד פנקס,חד סטרי,2021.0,297.54,,,10/08/2025 00:26:47,297.54427864016856
287,2.5,הנחושת,דו סטרי,2020.0,94.5,מדרכה,1604188800000.0,10/08/2025 00:26:47,94.50130494751095
288,1.5,דיזנגוף מקינג ג'ורג' עד הככר גדה מערבית,חד סטרי,2021.0,157.0,כביש,1639267200000.0,10/08/2025 00:26:47,156.9991918605238
289,1.6,משה דיין מיצחק שדה עד יד לבנים,,2014.0,350.68,כביש,,10/08/2025 00:26:47,350.6787011028932
290,1.6,משה דיין גדה מערבית מיד לבנים דרומה,,2021.0,149.93,כביש,1635724800000.0,10/08/2025 00:26:47,149.93469946611094
291,1.6,צומת משה דיין לה גוארדיה,,2021.0,236.01,כביש,1635724800000.0,10/08/2025 00:26:47,236.00743103704457
292,1.6,משה דיין גדה מזרחית השלמת קטעים,חד סטרי,2021.0,119.81,כביש,1635724800000.0,10/08/2025 00:26:47,119.81348283756685
293,2.5,פארק המסילה המשך עד נחלת בנימין,דו סטרי,2022.0,294.74,כביש,1660780800000.0,10/08/2025 00:26:47,294.73565250566446
294,2.0,משה דיין גדה מזרחית,,2014.0,466.05,,1391212800000.0,10/08/2025 00:26:47,466.0549263090561
295,,רוקח,,2000.0,78.0,,,10/08/2025 00:26:47,77.99827451180502
296,2.5,יגאל אלון מנחמ מוזס עד ערבי נחל,דו סטרי,2022.0,537.07,כביש,1641168000000.0,10/08/2025 00:26:47,537.0722973395139
297,2.5,3960,דו סטרי,2021.0,201.11,כביש,1640649600000.0,10/08/2025 00:26:47,201.10528652041364
298,2.5,יגאל אלון מנח מוזס עד גבעת התחמושת,,2021.0,342.47,כביש,1640649600000.0,10/08/2025 00:26:47,342.46965622880697
299,,חיל השריון,,2000.0,339.32,,,10/08/2025 00:26:47,339.31904227173084
300,2.0,רחוב 2040 מיהודה עמיחי עד מרק שגאל,,2017.0,739.84,כביש,,10/08/2025 00:26:47,739.8355641080735
301,,דיזנגוף מקינג ג'ורג' עד טשרנחובסקי,חד סטרי,2021.0,144.29,כביש,1639267200000.0,10/08/2025 00:26:47,144.28685500279536
302,,נחל הבשור,,2000.0,9.82,,,10/08/2025 00:26:47,9.815974103981349
303,2.5,שדרות ירושלים מארליך עד נחל הבשור,,2021.0,323.48,כביש,1622505600000.0,10/08/2025 00:26:47,323.4802185620714
304,2.5,קויפמן מאילת לחלץ,דו סטרי,2021.0,107.81,כביש,1622505600000.0,10/08/2025 00:26:47,107.81235102245762
305,2.5,3965 הבלונים,דו סטרי,2021.0,274.27,כביש,1642982400000.0,10/08/2025 00:26:47,274.2703488435799
306,2.5,ירימיהו מזרח חיבור לפארק,דו סטר5י,2022.0,225.85,כביש,1642982400000.0,10/08/2025 00:26:47,225.85451469818096
307,2.5,רדינג ,דו סטרי,2021.0,825.66,כביש,1630800000000.0,10/08/2025 00:26:47,825.6562090988878
308,2.5,שאול המלך מויצמן עד דוינצ'י,,2022.0,402.69,מדרכה,1651363200000.0,10/08/2025 00:26:47,402.68882353640254
309,2.5,יצחק שדה מהשיקוע עד המסגר,דו סטרי,2021.0,225.41,כביש,1638316800000.0,10/08/2025 00:26:47,225.4125516112989
310,2.5,לינקולן מהשיקוע עד וילסון,,2021.0,234.12,כביש,1638316800000.0,10/08/2025 00:26:47,234.1152609097099
311,2.5,מנחם בגין מחשמונאים עד יוסף קארו מסלול מזרחי,,2022.0,168.98,כביש,1643673600000.0,10/08/2025 00:26:47,168.98466016698546
312,2.5,מנחם בגין מזרח נמיר עד  עזריאלי,דו סטרי,2021.0,450.53,כביש,1635724800000.0,10/08/2025 00:26:47,450.53118942473105
313,1.5,מנחם בגין מפועה עד עין דור ,,2021.0,246.63,כביש,1635724800000.0,10/08/2025 00:26:47,246.63023024343045
314,2.5,הרכבת ,,2022.0,292.41,כביש,1643673600000.0,10/08/2025 00:26:47,292.41334203722965
315,1.5,ישראל גורי מקיבוץ גלויות עד גיתית,חד סטרי,2000.0,1060.52,רחוב,,10/08/2025 00:26:47,1060.5228855869675
316,2.5,היינריך היינה מאחורי הקיר האקוסטי שביל 2.1,דו סטרי,2022.0,99.27,כביש,1640995200000.0,10/08/2025 00:26:47,99.2705920396699
317,2.5,מנשה בן ישראל,,2015.0,278.47,כביש,,10/08/2025 00:26:47,278.46894278971564
318,,צומת שלמה מסילת ישרים,,2000.0,7.68,,,10/08/2025 00:26:47,7.680928014907772
319,2.5,הוברמן מהחניון עד מרמורק,דו סטרי,2022.0,75.57,כביש,1643673600000.0,10/08/2025 00:26:47,75.57126064166124
320,3.5,הורדצקי,דו סטרי,2021.0,387.26,כביש,1638230400000.0,10/08/2025 00:26:47,387.2586655155888
321,,צמתים בלוי אשכול,,2021.0,9.97,,,10/08/2025 00:26:47,9.97485539058598
322,3.5,בת ים - היינריך היינה מיגאל ידין עד גבול בת ים,,2020.0,122.62,כביש,1602892800000.0,10/08/2025 00:26:47,122.62210261292762
323,3.0,פארק הירקון,,2000.0,490.98,,,10/08/2025 00:26:47,490.9836709800313
324,2.0,הרב גורן מספיר פנחס עד נמיר שביל 13,,2020.0,379.23,מדרכה,1595635200000.0,10/08/2025 00:26:47,379.2317036372052
325,2.5,מנחם בגין צד מערבי,דו סטרי,2022.0,748.75,כביש,1643673600000.0,10/08/2025 00:26:47,748.7546718598148
326,,1310,,2000.0,56.36,,,10/08/2025 00:26:47,56.36154444675675
327,2.5,צומת יצחק שדה לינקולן גשר מעריב,דו סטרי,2022.0,167.18,כביש,1653004800000.0,10/08/2025 00:26:47,167.17663720340715
328,2.5,בנטוב המשך,דו סטרי,2022.0,106.66,כביש,1653004800000.0,10/08/2025 00:26:47,106.6613101814223
329,2.5,משה סנה מאלי תבין עד מקס ברוד,,2020.0,257.77,מדרכה,,10/08/2025 00:26:47,257.772967409329
330,2.5, פנחס רוזן ממבצע קדש עד שלונסקי בשנת 2023 חודש,דו סטרי,2022.0,315.43,כביש,1658016000000.0,10/08/2025 00:26:47,315.43326608110436
331,2.5,שביל המימדיון,דו סטרי,2022.0,1119.39,כביש,1658016000000.0,10/08/2025 00:26:47,1119.388816013773
332,2.5,צומת לוי אשכול מארק שאגאל,דו,2022.0,56.13,כביש,1658016000000.0,10/08/2025 00:26:47,56.13141807751978
333,2.5,הרצל מדרך יפו עד אחד העם,דו סטרי,2022.0,409.0,כביש,1661385600000.0,10/08/2025 00:26:47,408.9950195753259
334,2.5,יהודה הלוי מאלנבי עד נחלת בנימין ,,2021.0,117.77,כביש,1635724800000.0,10/08/2025 00:26:47,117.77388779202822
335,2.5,צומת בן צבי הרצל,דו סטרי,2022.0,120.02,כביש,1661904000000.0,10/08/2025 00:26:47,120.01634162968222
336,2.5,דבורה הנביאה מדיסנצ'יק עד פנחס רוזן,דו סטרי,2022.0,193.71,כביש,1658707200000.0,10/08/2025 00:26:47,193.70661455311156
337,2.5,קפריסין מבני אפריים עד מגדל שרשן,,2022.0,322.51,כביש,1663200000000.0,10/08/2025 00:26:47,322.50702879383635
338,2.5,ברודצקי,דו סטרי,2022.0,341.43,כביש,1664064000000.0,10/08/2025 00:26:47,341.4332418101871
339,2.5,אורי צבי גרינברג משושנה פרסיץ עד יאיר רוזנבלום,דו סטרי,2022.0,335.27,כביש,1664064000000.0,10/08/2025 00:26:47,335.27027518854396
340,2.0,ויצמן מבני דן עד פנקס גדה מערבית,,2018.0,484.11,,,10/08/2025 00:26:47,484.1130409584264
341,1.8,צומת יהודה המכבי ויצמן,דו סטרי,2022.0,153.79,כביש,1666224000000.0,10/08/2025 00:26:47,153.79496984561723
342,3.5,מנחם בגין מלינקולן עד מזאה,,2022.0,216.5,כביש,1665360000000.0,10/08/2025 00:26:47,216.4970378664243
343,2.5,מנחם בגין מחשמונאים עד יצחק שדה,,2022.0,600.35,כביש,1665360000000.0,10/08/2025 00:26:47,600.3483504239279
344,2.5,ישראל טל,,2022.0,351.39,כביש,1665792000000.0,10/08/2025 00:26:47,351.3859611203466
345,2.5,שד' יהודית,דו סטרי,2022.0,396.29,כביש,1664582400000.0,10/08/2025 00:26:47,396.2918255454898
346,2.5,1364,דו סטרי,2022.0,273.78,כביש,1664582400000.0,10/08/2025 00:26:47,273.78128266633706
347,2.5,מידטאון,דו סטרי,2022.0,74.14,כביש,1662768000000.0,10/08/2025 00:26:47,74.14310087645542
348,2.5,חיבור רחוב שיטרית למימדיון,דו סטרי,2022.0,285.66,כביש,1660089600000.0,10/08/2025 00:26:47,285.65590842351526
349,2.5,פרייגרזון צבי,דו סטרי,2022.0,227.1,כביש,1664323200000.0,10/08/2025 00:26:47,227.09888805619886
350,1.5,ישעיהו לייבוביץ,חד סטיר,2018.0,354.11,כביש,1533859200000.0,10/08/2025 00:26:47,354.1121774357853
351,1.5,משה דיין גדה מזרחית,,2014.0,1061.4,,,10/08/2025 00:26:47,1061.3979734252327
352,,"מח""ל",,2019.0,15.74,,,10/08/2025 00:26:47,15.74271520869438
353,2.5,רחוב 2040 מיוניצמן  עד פרופס,,2020.0,798.51,כביש,,10/08/2025 00:26:47,798.5107793307574
354,,2040,,2023.0,467.6,,,10/08/2025 00:26:47,467.59717956391273
355,2.3,ארצי ישראל,,2017.0,337.93,,,10/08/2025 00:26:47,337.9323317304504
356,,ארצי יצתק,,2016.0,498.92,כביש,,10/08/2025 00:26:47,498.919657493953
357,,דרך הלשום יגאל אלון עד משה דיין,,2016.0,468.33,,,10/08/2025 00:26:47,468.3301896619988
358,,שדרות ירושלים מנחל הבשור עד הלר ,,2021.0,365.48,כביש,,10/08/2025 00:26:47,365.4778036971415
359,,שדרות ירושלים,,2021.0,966.64,,,10/08/2025 00:26:47,966.6399892888438
360,2.5,שדרות ירושלים,,2021.0,382.65,כביש,,10/08/2025 00:26:47,382.6506459127512
361,,צומת רמז פנקס ברנדיס,דו סטרי,2022.0,282.83,כביש,1669852800000.0,10/08/2025 00:26:47,282.82783728472896
362,2.5,מנחם בגין מישראל טל עד הרכבת מסלול מזרחי,,2022.0,399.92,כביש,,10/08/2025 00:26:47,399.92163444243124
363,2.5,מנחם בגין מישאל טל עד הרכבת מסלול מערבי,חד סטרי,2022.0,163.8,כביש,1667260800000.0,10/08/2025 00:26:47,163.8003500625441
364,3.5,מנחם בגין מישראל טל עד יצחק שדה  ,חד סטרי,2022.0,200.18,כביש,1667260800000.0,10/08/2025 00:26:47,200.18103000087234
365,3.5,מנחם בגין מנמיר עד מוזס,דו סטרי,2022.0,147.01,כביש,1667260800000.0,10/08/2025 00:26:47,147.01078515884493
366,2.5,שאול המלך מאבן גבירול עד  נמיר,,2004.0,282.71,,,10/08/2025 00:26:47,282.7130759363628
367,2.0,רוקח משיטרית עד אייזיק רמבה,,2000.0,20.18,,,10/08/2025 00:26:47,20.18367574544299
368,2.5,זלצמן פנינה,דו סטרי,2022.0,276.43,כביש,1659312000000.0,10/08/2025 00:26:47,276.42870529484753
369,2.5,דרך בגין צד מזרח מגבעת התחמושת עד שפע טך,דו סטרי,2022.0,142.1,כביש,1670630400000.0,10/08/2025 00:26:47,142.10258221924232
370,2.5,תל גיבורים מבן צבי עד פרייגרזון,דו סטרי,2022.0,251.51,כביש,1671494400000.0,10/08/2025 00:26:47,251.5098317243228
371,2.5,צומת הלסינקי זבוטינסקי,חד סטרי,2022.0,133.5,כביש,1671926400000.0,10/08/2025 00:26:47,133.4979112664569
372,1.2,שיטרית מפנחס רוזן עד בני אפריים,,2000.0,234.25,,,10/08/2025 00:26:47,234.24962655487278
373,3.5,משה סנה מתבין צפונה,דו סטרי,2022.0,167.69,כביש,,10/08/2025 00:26:47,167.68807469444607
374,2.5,היכל תלמוד,דו סטרי,2022.0,35.12,כביש,,10/08/2025 00:26:47,35.115079830846405
375,2.5,מנחם בגין צד מערב מלובה אליאב עד קפלן,דו סטרי,2022.0,241.8,כביש,1671494400000.0,10/08/2025 00:26:47,241.8012724864612
376,2.5,אלנבי מהירקון עד הרברט סמואל,דו סטרי,2022.0,116.57,כביש,1671235200000.0,10/08/2025 00:26:47,116.57199925997834
377,2.5,גשר יצחק שדה מנירים עד טברסקי,דו סטרי,2023.0,171.44,כביש,1678147200000.0,10/08/2025 00:26:47,171.44011139038588
378,2.5,נחום גולדמן השלמת רצף צ'ארלס קלור,דו סטרי,2023.0,176.73,כביש,1678147200000.0,10/08/2025 00:26:47,176.7344542852479
379,2.5,מנחם בגין מגבעת התחמושת עד גשר הול,דו סטרי,2023.0,168.06,כביש,1678924800000.0,10/08/2025 00:26:47,168.06398737999166
380,2.5,גבעת התחמושת מבגין עד ירידה לאיילון צד צפון,,2023.0,189.72,כביש,1678924800000.0,10/08/2025 00:26:47,189.72285750539822
381,205.0,גבעת התחמושת צד מזרח,,2023.0,256.99,כביש,1678924800000.0,10/08/2025 00:26:47,256.98676177456963
382,2.5,דרך השרות המזרחית,דט סטרי,2022.0,163.79,כביש,1668038400000.0,10/08/2025 00:26:47,163.7909530432954
383,2.5,טיילת איילון,דו סטרי,2023.0,345.26,כביש,1686355200000.0,10/08/2025 00:26:47,345.25830401887544
384,2.0,לוי אשכול ממאיר יערי עד רוקח,,2011.0,102.08,,,10/08/2025 00:26:47,102.0819725829399
385,205.0,פנחס רוזן ,,2023.0,151.97,כביש,1684281600000.0,10/08/2025 00:26:47,151.96890664326426
386,,גן מאיר,,2010.0,159.11,מדרכה,,10/08/2025 00:26:47,159.1115334836211
387,3.0,רוטשילד מיהושע התלמי עד מרמורק,,2000.0,1567.33,מדרכה,,10/08/2025 00:26:47,1567.3285996512195
388,2.0,ראול וולנברג  ממשמר הירדן עד דבורה הנביאה,,2000.0,144.69,,,10/08/2025 00:26:47,144.68537738010178
389,2.0,בני אפרים רומנו עד שטרית,,2004.0,465.35,מדרכה,,10/08/2025 00:26:47,465.3472195132853
390,3.5,פארק הירקון,,2004.0,373.67,,,10/08/2025 00:26:47,373.6656251820373
391,2.5,גיתית,דו סטרי,2010.0,66.81,כביש,,10/08/2025 00:26:47,66.80772768030674
392,1.2,ישראל גורי מאלכסנדר זייד עד גיתית,,2000.0,926.17,,,10/08/2025 00:26:47,926.1683477000156
393,3.0,פארק הירקון מגשר 9078 עד אבן גבירול,,2004.0,515.42,,,10/08/2025 00:26:47,515.4222229936486
394,1.5,אבן גבירול  גדה מערבית,,2000.0,294.41,,,10/08/2025 00:26:47,294.4148023089596
395,1.5,אבן גבירול  גדה מערבית,,2000.0,88.69,,,10/08/2025 00:26:47,88.69468358007157
396,,פרופס מארצי יצחק עד לוי אשכול,,2023.0,506.61,,,10/08/2025 00:26:47,506.612069912076
397,2.5,2425,,2023.0,411.38,כביש,,10/08/2025 00:26:47,411.3808282144697
398,,2425 מערב,,2023.0,429.2,,,10/08/2025 00:26:47,429.195743104323
399,2.5, איינשטיין (קטעים מלבנון עד נמיר),,2023.0,490.85,כביש,1692057600000.0,10/08/2025 00:26:47,490.84671848581416
400,2.5,טיילת הפארק החופי,,2023.0,2098.43,כביש,1696032000000.0,10/08/2025 00:26:47,2098.4269103977813
401,,,,,7.15,,,10/08/2025 00:26:47,7.1486985948398285
402,,,,,235.2,,,10/08/2025 00:26:47,235.19823122004632
403,,,,,110.09,,,10/08/2025 00:26:47,110.09358340994613
404,,,,,135.66,,,10/08/2025 00:26:47,135.65601476631858
405,2.5,ראול ולנברג מדבורה הנביאה מזרחה,דו סטרי,2023.0,291.73,כביש,1696032000000.0,10/08/2025 00:26:47,291.73037453795206
406,2.5,גשר איינשטיין,דו סטרי,2023.0,212.81,כביש,1698624000000.0,10/08/2025 00:26:47,212.80603751752687
407,2.5,אינשטיין מלישנסקי עד הגשר ,חד סטרי,,319.46,כביש,,10/08/2025 00:26:47,319.45523942625204
408,2.5,נמיר מפרופס עד איינשטיין ,דו סטרי,2023.0,1082.83,כביש,1701302400000.0,10/08/2025 00:26:47,1082.830740440859
409,,שי עגנון מנמיר עד לוי אשכול,דוד סטרי,2013.0,304.37,,,10/08/2025 00:26:47,304.3650089805262
410,,,,,74.3,,,10/08/2025 00:26:47,74.29713007779408
411,,,,,28.71,,,10/08/2025 00:26:47,28.70910820045869
412,,,,,5.46,,,10/08/2025 00:26:47,5.463549469909917
413,,,,,19.64,,,10/08/2025 00:26:47,19.64269913177452
414,,,,,29.65,,,10/08/2025 00:26:47,29.65227435039047
415,,,,,7.41,,,10/08/2025 00:26:47,7.409088295409785
416,2.5,אבן גבירול החדש/2040 מפרופס עד יוניצ'מן גדה מזרחית,חד סטרי,2023.0,2210.57,כביש,1701388800000.0,10/08/2025 00:26:47,2210.570040635649
417,,,,,17.05,,,10/08/2025 00:26:47,17.049865140161298
418,,שניצר,,,271.48,,,10/08/2025 00:26:47,271.48420654307756
419,,,,,55.73,,,10/08/2025 00:26:47,55.7272267029802
420,,קדושי השואה,,,554.13,,,10/08/2025 00:26:47,554.1346892296547
421,,,,,9.41,,,10/08/2025 00:26:47,9.41232662259731
422,,,,,7.8,,,10/08/2025 00:26:47,7.802744107657597
423,,,,,6.92,,,10/08/2025 00:26:47,6.9183421344977605
424,,,,,7.65,,,10/08/2025 00:26:47,7.65289892396511
425,2.5,אבן גבירול החדש/2040 מפרופס עד יוניצמן גדה מערבית,חד סטרי,2023.0,2168.04,כביש,1701388800000.0,10/08/2025 00:26:47,2168.0365893287917
426,2.5,2434,,2023.0,49.92,,,10/08/2025 00:26:47,49.91530299225719
427,2.5,רחוב 2434 סביב תיכונט,,2014.0,169.04,,,10/08/2025 00:26:47,169.03747152573257
428,1.5,הגדוד העברי מללוינסקי עד צ'לנוב,,2016.0,172.22,,,10/08/2025 00:26:47,172.21656563152698
429,2.5,נמיר מרוקח עד חיים לבנון,דו סטרי,2023.0,268.59,כביש,1698796800000.0,10/08/2025 00:26:47,268.5915504835449
430,,,,,24.93,,,10/08/2025 00:26:47,24.92737383298973
431,2.5,גשר רדינג ווקוף,דו סטרי,2022.0,155.53,כביש,,10/08/2025 00:26:47,155.5348138325989
432,,,,,237.22,,,10/08/2025 00:26:47,237.22091690533017
433,3.5,יריד המזרח מרוטלוי דוד עד ככר הנמל,,2012.0,276.68,,,10/08/2025 00:26:47,276.67645867234955
434,2.5,פרופס מנמיר עד לוי אשכול,דו סטרי,2024.0,230.24,כביש,1709251200000.0,10/08/2025 00:26:47,230.2446873027322
435,3.0,תל גיבורים,דו סטרי,2024.0,364.89,כביש,1709251200000.0,10/08/2025 00:26:47,364.89359700242886
436,2.5,הלוחמים מתל גיבורים,דו סטרי,2024.0,120.4,כביש,1709251200000.0,10/08/2025 00:26:47,120.39937939870698
437,1.1,הגדוד העברי מצ'לנוב עד הר ציון,חד סטרי,,172.76,כביש,,10/08/2025 00:26:47,172.76425415148748
438,2.6,יובל נאמן מלוי אשכול עד אייזיק שטרן ,דו סטרי,2024.0,258.48,כביש,1711929600000.0,10/08/2025 00:26:47,258.47928915508163
439,2.6,יהודה עמיחי מיובל נאמן עד אייזיק שטרן,דו סטרי,2024.0,304.4,כביש,1711929600000.0,10/08/2025 00:26:47,304.4011935370132
440,2.5,חנה רובינא גדה מערבית,דו סטרי,2024.0,250.12,כביש,1724976000000.0,10/08/2025 00:26:47,250.11772092413563
441,3.5,פארק גני יהושוע (רוקח),דו סטרי,2024.0,325.97,מדרכה,1717545600000.0,10/08/2025 00:26:47,325.9661215666908
442,,שביל המוביל למרכז יצחק רבין,,2014.0,197.41,,,10/08/2025 00:26:47,197.4075868762807
443,,,,,2112.94,,,10/08/2025 00:26:47,2112.935309266785
444,,,,,44.95,,,10/08/2025 00:26:47,44.95436104624415
445,,,,,112.12,,,10/08/2025 00:26:47,112.1173610497724
446,,,,,71.58,,,10/08/2025 00:26:47,71.58122031752029
447,2.5,אלנבי מקינג ג'ורג' עד פנסקר,דו סטרי,2024.0,342.09,כביש,1722816000000.0,10/08/2025 00:26:47,342.08501292595406
448,2.5,פנחס לבון בית הבאר,,2024.0,164.03,כביש,1722211200000.0,10/08/2025 00:26:47,164.03091826607007
449,2.5,קרליבך מהארבעה עד לסקוב,דו סטרי,2024.0,97.47,כביש,1721433600000.0,10/08/2025 00:26:47,97.47262067857305
450,,,,,20.31,,,10/08/2025 00:26:47,20.312146240631265
451,,,,,16.93,,,10/08/2025 00:26:47,16.92508263411499
452,,,,,6.34,,,10/08/2025 00:26:47,6.33588358561951
453,2.5,ארלוזורוב מאדם הכהן עד מאנגר,דו סטרי,2024.0,64.19,כביש,1722470400000.0,10/08/2025 00:26:47,64.19029085779952
454,,,,,27.71,,,10/08/2025 00:26:47,27.714970211803685
455,,,,,26.03,,,10/08/2025 00:26:47,26.02887215420234
456,2.5,שביל הטיילת הצפונית,דו סטרי,2024.0,1223.99,כביש,1720656000000.0,10/08/2025 00:26:47,1223.9859505768202
457,,שביל הטיילת הצפונית מארצי יצחק עד הפארק הירקון,,2017.0,217.16,,,10/08/2025 00:26:47,217.16492448957203
458,,שביל הטיילת הצפונית מארצי יצחק עד הפארק הירקון,,2017.0,499.4,,,10/08/2025 00:26:47,499.3998775021202
459,,,,,124.57,,,10/08/2025 00:26:47,124.57291041519929
460,,,,,101.7,,,10/08/2025 00:26:47,101.69547094014308
461,,,,,120.3,,,10/08/2025 00:26:47,120.30045207408591
462,,,,,70.79,,,10/08/2025 00:26:47,70.79247814139305
463,2.5,עוקף קדם עד לוזים,דו סטרי,2024.0,286.3,כביש,1722297600000.0,10/08/2025 00:26:47,286.29782585972396
464,2.5,דרך השלום - גשר מעל איילון גדה צפונית,דו סטרי,2024.0,123.65,כביש,1725148800000.0,10/08/2025 00:26:47,123.65092774976893
465,,שניצר,,,93.37,,,10/08/2025 00:26:47,93.37124248873303
466,2.5,שניצר,דו סטרי,2024.0,64.22,מדרכה,1722211200000.0,10/08/2025 00:26:47,64.21705923766217
467,, על פרשת דרכים גדה דרומית,דו סטרי,2023.0,119.57,כביש,,10/08/2025 00:26:47,119.57294351025726
468,,על פרשת דרכים גדה צפונית,דו סטרי,2023.0,127.83,כביש,,10/08/2025 00:26:47,127.82902285547225
469,,,,,17.05,,,10/08/2025 00:26:47,17.046862097789504
470,2.5,ברזילי מהחשמל עד בגין,דו סטרי,2024.0,74.05,כביש,1730592000000.0,10/08/2025 00:26:47,74.0543715137176
471,2.5,עופר כהן,דו סטרי,2024.0,91.53,,1730937600000.0,10/08/2025 00:26:47,91.52711310496808
472,2.5,חיבור גן דוידוף לשד' ירושלים,דו סטרי,2023.0,80.98,,1693526400000.0,10/08/2025 00:26:47,80.97931734984108
473,2.5,פרי אליעזר,דו סטרי,2024.0,53.88,כביש,1727740800000.0,10/08/2025 00:26:47,53.88351899845871
474,2.5,טיילת גורדון,דו סטרי,2024.0,64.94,כביש,1727740800000.0,10/08/2025 00:26:47,64.94107174776293
475,2.5,אליפלט (שלמה - אילת),,2025.0,824.82,כביש,1738195200000.0,10/08/2025 00:26:47,824.8197292920415
476,2.5,שלבים (שלמה - קבו גלויות),דו סטרי,2024.0,537.18,כביש,1738195200000.0,10/08/2025 00:26:47,537.1751566288875
477,2.5,שלבים (קבוץ גלויות - היסוד),דו סטרי,2024.0,101.32,כביש,1733011200000.0,10/08/2025 00:26:47,101.31802391848512
478,2.5,המסגר (ישראל טל - גרשון שץ) גדה מערבית,דו סטרי,2024.0,655.58,אחוזות החוף,1724976000000.0,10/08/2025 00:26:47,655.5832297043966
479,2.5,הא באייר ז'בוטינסקי - ז'בוטינסקי,דו סטרי,2025.0,397.39,כביש,1736467200000.0,10/08/2025 00:26:47,397.4019294323485
480,,,,,50.63,,,10/08/2025 00:26:47,50.629946711855844
481,2.5,חיים לבנון (איינשטיין-רוזנפלד),דו סטרי,2025.0,664.19,כביש,1735689600000.0,10/08/2025 00:26:47,664.1937410189662
482,2.5,אלנבי (קינג ג'ורג' - גרוזנברג,,2025.0,317.28,דו סטרי,1738713600000.0,10/08/2025 00:26:47,317.2839271831384
483,2.5,השלום (עודד - 1063),,2024.0,344.77,כביש,,10/08/2025 00:26:47,344.77067375177944
484,2.5,מתחם וויקס - מ- 2379 עד יוניצ'מן,דו סטרי,2023.0,325.7,מדרכה,1739145600000.0,10/08/2025 00:26:47,325.7014666354122
485,2.5,אלנבי (בית השואבה- מונטיפיורי),,2025.0,137.09,דו סטרי,1738713600000.0,10/08/2025 00:26:47,137.09261195744116
486,2.5,המסגר (ישראל טל - יצחק שדה) צד מזרחי,,2025.0,224.27,כביש,1737072000000.0,10/08/2025 00:26:47,224.26901278927585
487,2.0,קויפמן מהמרד עד חלץ,,2013.0,1.71,,,10/08/2025 00:26:47,1.707093040772898
488,2.5,אנילביץ (וינגייט-חניון),דו סטרי,2025.0,139.76,כביש,1741564800000.0,10/08/2025 00:26:47,139.75721631166974
489,2.5,קיר הקריה,דו סטרי,2025.0,156.67,כביש,1740787200000.0,10/08/2025 00:26:47,156.66934797251093
490,,,,,60.0,,,10/08/2025 00:26:47,59.99872737267831
491,,,,,73.18,,,10/08/2025 00:26:47,73.17857047359097
492,2.5,בן צבי,,2021.0,836.39,כביש,,10/08/2025 00:26:47,836.3895365227745
493,,,,,217.61,,,10/08/2025 00:26:47,217.61315449401923
494,2.5,פנחס לבון,דו סטרי,2025.0,265.08,כביש,1745107200000.0,10/08/2025 00:26:47,265.0817875826698
495,,,,,14.87,,,10/08/2025 00:26:47,14.866760740997714
496,,,,,94.97,,,10/08/2025 00:26:47,94.97017672371591
497,,,,,114.48,,,10/08/2025 00:26:47,114.48397221072564
498,,,,,386.14,,,10/08/2025 00:26:47,386.13736294697725
499,2.5,1063 (הטייסים-השלום(,דו סטרי,2025.0,322.1,מדרכה,1745107200000.0,10/08/2025 00:26:47,322.1035183018228
500,2.5,הגדוד העברי (בני ברק - הגדוד העברי,דו סטרי,2025.0,88.03,כביש,1745107200000.0,10/08/2025 00:26:47,88.03271408718263
501,2.5,החמשונאים,,2025.0,27.43,כביש,,10/08/2025 00:26:47,27.43360937401434
502,2.5,ראול ולנברג,,2025.0,1028.43,כביש,1748476800000.0,10/08/2025 00:26:47,1028.4290558583161
503,2.5,המסגר מהחשמונאים-בן אביגדור מזרח,דו סטרי,2025.0,176.76,כביש,1747872000000.0,10/08/2025 00:26:47,176.76086655973813
504,2.5,אלנבי מונטיפיורי-רוטשילד,דו סטרי,2025.0,204.18,כביש,1749686400000.0,10/08/2025 00:26:47,204.17819956420544
505,2.5,אלנבי העליה - יהודה הלוי,דו סטרי,2025.0,127.66,כביש,1749686400000.0,10/08/2025 00:26:47,127.6560203608628
506,2.0,ככר החיל גליפולי,חד סטרי,2025.0,105.1,כביש,1748563200000.0,10/08/2025 00:26:47,105.1409379592804
507,2.5,פנסקר בוגרשוב עד 28,דו סטרי,2025.0,237.81,כביש,1749513600000.0,10/08/2025 00:26:47,237.81146392263426
508,2.5,לינקולן,דו סטרי,2025.0,129.75,כביש,1749513600000.0,10/08/2025 00:26:47,129.75305364978638
509,2.5,אלנבי מפינסקר עד הירקון,דו סטרי,2024.0,234.38,כביש,,10/08/2025 00:26:47,234.3824549816126
510,205.0,המסגר ישראל טל - יד חרוצים (מערבית),דו סטרי,2025.0,221.56,כביש,,10/08/2025 00:26:47,221.55941946837163
511,2.5,ארלוזורוב מאבן גבירול עד בן עזרא,דו סטרי,2025.0,92.94,כביש,,10/08/2025 00:26:47,92.94414937038829
512,3.5,פארק הירקון,,2004.0,269.37,,,10/08/2025 00:26:47,269.3706728255586
513,,,,,39.13,,,10/08/2025 00:26:47,39.12758601300128
514,2.5,צומת בגין נמיר,דו סטרי,2025.0,156.5,כביש,,10/08/2025 00:26:47,156.50472177760295
515,1.3,אינשטיין מ-2040 עד נמיר צד דרומי,,2012.0,98.15,,,10/08/2025 00:26:47,98.1463180530962
516,2.5,נמיחר,,2024.0,965.04,,,10/08/2025 00:26:47,965.0377024848195
517,2.5,ראש פינה,דו סטרי,2025.0,310.06,כביש,1751328000000.0,10/08/2025 00:26:47,310.06203383529277
