station_id,station_name,x_itm,y_itm,lon,lat,bikes_available,docks_available,event_time,unique_id,object_id,guid
404,שארית ישראל,177880.28,662147.88,34.76420722911376,32.051805853634875,0,0,2025-08-13 20:43:12,835-404,30146,60e18c6371622c17c27f510d
407,"מכללת ת""א עזה מול 34",177443.16,661662.07,34.7596,32.04741,0,0,2025-08-13 20:43:12,835-407,30147,60e41a7d71622c17c27f51a2
101,חוף הצוק הצפוני מלון מנדרין,180586.34,672323.97,34.7924482,32.1436635,2,0,2025-08-13 20:43:12,835-101,30148,60f6980cbb37a6d2dc049b0d
102,חוף הצוק הדרומי סאמט שמעון,180449.89,671939.32,34.7910176,32.1401902,1,0,2025-08-13 20:43:12,835-102,30149,60f6980cbb37a6d2dc049b0e
114,לוי אשכול 26,180240.26,667960.44,34.78895833068849,32.104302460103035,2,0,2025-08-13 20:43:12,835-114,30150,60f6980cbb37a6d2dc049b19
120,הגוש הגדול אמיר גלבע 17,180215.87,669206.35,34.788649,32.115537,4,0,2025-08-13 20:43:12,835-120,30151,60f6980cbb37a6d2dc049b1d
231,ראול ולנברג פינת הנחושת,184795.18,668582.75,34.83719255819703,32.110069725504225,0,0,2025-08-13 20:43:12,835-231,30152,60f6980cbb37a6d2dc049b38
323,תשח 2,180018.11,665785.63,34.786694,32.084683,0,0,2025-08-13 20:43:12,835-323,30153,60f6980cbb37a6d2dc049b4f
347,בוגרשוב 45 פינת פינסקר,178570.27,664829.77,34.771399,32.076014,2,0,2025-08-13 20:43:12,835-347,30154,60f6980cbb37a6d2dc049b62
353,מתחם גבעון ,179825.76,664187.33,34.7847225,32.0702634,0,0,2025-08-13 20:43:12,835-353,30155,60f6980cbb37a6d2dc049b65
355,הרברט סמואל 32,177862.05,664277.55,34.763922,32.07101,8,0,2025-08-13 20:43:12,835-355,30156,60f6980cbb37a6d2dc049b67
206,נווה שרת הצנחנים 2,185012.57,669443.82,34.839465,32.117842,1,0,2025-08-13 20:43:12,835-206,30157,60f6980cbb37a6d2dc049b28
220,קדש ברנע מול בית 9,182660.21,668775.94,34.814565,32.111739,2,0,2025-08-13 20:43:12,835-220,30158,60f6980cbb37a6d2dc049b36
230,כיכר הברזל פינת הארד,185215.65,668623.51,34.841646,32.1104516,4,0,2025-08-13 20:43:13,835-230,30159,60f6980cbb37a6d2dc049b37
316,ויצמן 60 - בית החייל,180402.65,666453.41,34.79074,32.090718,3,0,2025-08-13 20:43:13,835-316,30160,60f6980cbb37a6d2dc049b48
317,פנקס  69,180759.29,666521.92,34.794515,32.091348,1,0,2025-08-13 20:43:13,835-317,30161,60f6980cbb37a6d2dc049b49
108,פרלוק 4,180460.84,669026.23,34.791252,32.113921,0,0,2025-08-13 20:43:13,835-108,30162,60f6980cbb37a6d2dc049b13
214,תל ברוך ביהס אלחריזי,182508.48,669435.21,34.812932,32.117679,0,0,2025-08-13 20:43:13,835-214,30163,60f6980cbb37a6d2dc049b30
301,נמל תל אביב כיכר שלוותה,178982.76,667557.61,34.77565282936097,32.10062698961141,11,0,2025-08-13 20:43:13,835-301,30164,60f6980cbb37a6d2dc049b39
306,אלוני ניסים 8,180993.63,666206.66,34.79701,32.088513,0,0,2025-08-13 20:43:13,835-306,30165,60f6980cbb37a6d2dc049b3e
354,בן יהודה 1,178277.97,664508.63,34.768317,32.073108,0,0,2025-08-13 20:43:13,835-354,30166,60f6980cbb37a6d2dc049b66
106,רודנסקי מרכז מסחרי,180569.82,669753.44,34.7923772,32.1204826,0,0,2025-08-13 20:43:13,835-106,30167,60f6980cbb37a6d2dc049b11
112,אוניברסיטה איינשטיין 75,181373.4,668969.76,34.800923262565604,32.11344291081134,1,0,2025-08-13 20:43:13,835-112,30168,60f6980cbb37a6d2dc049b17
213,שלום אש מרכז מסחרי,183291.8,668240.82,34.821277,32.106935,0,0,2025-08-13 20:43:13,835-213,30169,60f6980cbb37a6d2dc049b2f
314,נורדאו 101בשדרה,179636.46,666570.19,34.782619,32.091745,4,0,2025-08-13 20:43:13,835-314,30170,60f6980cbb37a6d2dc049b46
330,שדרות בן גוריון 68,179127.07,665595.38,34.777264,32.082937,8,0,2025-08-13 20:43:13,835-330,30171,60f6980cbb37a6d2dc049b55
335,דיזנגוף 126,178804.06,665423.72,34.77385,32.081378,2,0,2025-08-13 20:43:13,835-335,30172,60f6980cbb37a6d2dc049b5a
365,המסגר/יצחק שדה,179946.2,663581.04,34.78602294973754,32.06480010533197,1,0,2025-08-13 20:43:13,835-365,30173,60f6980cbb37a6d2dc049b70
205,"צה""ל מול בית 76",184586.41,669840.21,34.834935,32.121402,2,0,2025-08-13 20:43:13,835-205,30174,60f6980cbb37a6d2dc049b27
216,תחנת רכבת אונברסיטה,181766.34,667837.18,34.805131,32.103243,8,0,2025-08-13 20:43:14,835-216,30175,60f6980cbb37a6d2dc049b32
308,קוסובסקי 34 -גני יהושוע,181064.79,667276.83,34.797721,32.098166,3,0,2025-08-13 20:43:14,835-308,30176,60f6980cbb37a6d2dc049b40
318,בן יהודה 192,178803.26,666285.13,34.773805,32.089146,4,0,2025-08-13 20:43:14,835-318,30177,60f6980cbb37a6d2dc049b4a
336,בן גוריון 55 -בשדרה,178912.07,665731.7,34.774981,32.084159,3,0,2025-08-13 20:43:14,835-336,30178,60f6980cbb37a6d2dc049b5b
345,ויצמן 1 -  בית המשפט,180189.76,664953.73,34.788546110450746,32.077186999971566,4,0,2025-08-13 20:43:14,835-345,30179,60f6980cbb37a6d2dc049b60
357,רוטשילד 140,179305.08,664337.63,34.779202,32.071601,3,0,2025-08-13 20:43:14,835-357,30180,60f6980cbb37a6d2dc049b68
117,דרך נמיר - סמינר הקיבוצים,180590.33,667690.7,34.792678,32.101882,1,0,2025-08-13 20:43:14,835-117,30181,60f6980cbb37a6d2dc049b1b
201,המשתלה ברוד מקס 12,183944.35,670393.66,34.828111,32.126371,0,0,2025-08-13 20:43:14,835-201,30182,60f6980cbb37a6d2dc049b23
304,"חניון רדינג - מתחם חנית""א",179440.52,667366.14,34.78051026123809,32.098916,2,0,2025-08-13 20:43:14,835-304,30183,60f6980cbb37a6d2dc049b3c
311,אבן גבירול 182,179725.71,666774.23,34.783556,32.093588,6,0,2025-08-13 20:43:14,835-311,30184,60f6980cbb37a6d2dc049b43
325,הלסינקי 3,180503.21,665669.02,34.791837,32.083648,0,0,2025-08-13 20:43:14,835-325,30185,60f6980cbb37a6d2dc049b51
359,קפלן פינת ארניה,179921.91,664517.14,34.78572725396727,32.07324081953429,5,0,2025-08-13 20:43:14,835-359,30186,60f6980cbb37a6d2dc049b6a
366,כרמלית פינת הכרמל,178077.05,663789.69,34.76622,32.066618,4,0,2025-08-13 20:43:14,835-366,30187,60f6980cbb37a6d2dc049b71
113,ברודצקי פינת שד אבנר,181097.67,668338.06,34.798027,32.107737,1,0,2025-08-13 20:43:14,835-113,30188,60f6980cbb37a6d2dc049b18
123,האוניברסיטה - ספריה,181734.9,669008.32,34.804752,32.113803,9,0,2025-08-13 20:43:14,835-123,30189,60f6980cbb37a6d2dc049b20
212,הרוגי המלכות 6,184342.71,668572.3,34.832399,32.10996,3,0,2025-08-13 20:43:14,835-212,30190,60f6980cbb37a6d2dc049b2e
307,בני דן 56- גני יהושוע,180413.72,667073.7,34.790832,32.096312,6,0,2025-08-13 20:43:15,835-307,30191,60f6980cbb37a6d2dc049b3f
346,אבן גבירול 28,179558.43,664701.06,34.78187,32.074887,1,0,2025-08-13 20:43:15,835-346,30192,60f6980cbb37a6d2dc049b61
104,אזורי חן  גרינברג 26,180564.11,670783.04,34.792275,32.129767,4,0,2025-08-13 20:43:15,835-104,30193,60f6980cbb37a6d2dc049b0f
125,הפקולטה להנדסה תל אביב,181756.34,668475.62,34.805,32.109,0,0,2025-08-13 20:43:15,835-125,30194,60f6980cbb37a6d2dc049b22
210,הדר יוסף - מרכז מסחרי,183068.12,668510.36,34.818897,32.109358,1,0,2025-08-13 20:43:15,835-210,30195,60f6980cbb37a6d2dc049b2c
302,דיזנגוף 342,179014.07,667166.71,34.776001,32.097103,9,0,2025-08-13 20:43:15,835-302,30196,60f6980cbb37a6d2dc049b3a
331,כיכר רבין,179393.4,665368.6,34.78009439615632,32.08090109261438,1,0,2025-08-13 20:43:15,835-331,30197,60f6980cbb37a6d2dc049b56
343,כיכר צינה דיזנגוף 14,178859.15,665079.48,34.77444795140168,32.07827561211244,1,0,2025-08-13 20:43:15,835-343,30198,60f6980cbb37a6d2dc049b5e
202,אהרון בקר 15,182965.7,669928.06,34.817758,32.122139,0,0,2025-08-13 20:43:15,835-202,30199,60f6980cbb37a6d2dc049b24
217,גבעת הפרחים,183608.18,669417.64,34.824585,32.117558,2,0,2025-08-13 20:43:15,835-217,30200,60f6980cbb37a6d2dc049b33
328,בבלי פעמוני 9,181048.07,666868.7,34.7975602,32.094485,1,0,2025-08-13 20:43:15,835-328,30201,60f6980cbb37a6d2dc049b53
107,חוף תל ברוך,179705.31,669840.15,34.783213,32.121235,2,0,2025-08-13 20:43:15,835-107,30202,60f6980cbb37a6d2dc049b12
110,שיכון למד האוזנר 5,180383.2,668615.88,34.790446,32.110218,2,0,2025-08-13 20:43:15,835-110,30203,60f6980cbb37a6d2dc049b15
219,שיכון דן משמר הירדן 79,184371.8,668966.72,34.8326928,32.1135178,1,0,2025-08-13 20:43:15,835-219,30204,60f6980cbb37a6d2dc049b35
309,יהודה מכבי 81,180589.5,666830.29,34.792704,32.094123,5,0,2025-08-13 20:43:15,835-309,30205,60f6980cbb37a6d2dc049b41
310,ברנדיס 20,180073.29,666772.69,34.787238,32.093586,6,0,2025-08-13 20:43:16,835-310,30206,60f6980cbb37a6d2dc049b42
342,שאול המלך 21 - הקאמרי,179895.04,664824.65,34.78543,32.076013,1,0,2025-08-13 20:43:16,835-342,30207,60f6980cbb37a6d2dc049b5d
348,שדרות בן ציון  1,178972.47,664608.35,34.775668,32.074031,7,0,2025-08-13 20:43:16,835-348,30208,60f6980cbb37a6d2dc049b63
363,לינקולן 16,179577.43,663784.2,34.7821093,32.0666196,2,0,2025-08-13 20:43:16,835-363,30209,60f6980cbb37a6d2dc049b6e
116,שי עגנון 59,179905.85,667728.22,34.785425,32.102197,2,0,2025-08-13 20:43:16,835-116,30210,60f6980cbb37a6d2dc049b1a
121,רב אשי 11 מרכז מסחרי,181208.67,669769.7,34.799146,32.120651,2,0,2025-08-13 20:43:16,835-121,30211,60f6980cbb37a6d2dc049b1e
124,כיכר גורג וויז,181751.73,668251.64,34.80496,32.10698,0,0,2025-08-13 20:43:16,835-124,30212,60f6980cbb37a6d2dc049b21
207,המכללה להנדסאים,183058.41,669039.91,34.818774,32.114133,1,0,2025-08-13 20:43:16,835-207,30213,60f6980cbb37a6d2dc049b29
208,מול פנחס רוזן 62,183660.57,668964.55,34.825157,32.113474,4,0,2025-08-13 20:43:16,835-208,30214,60f6980cbb37a6d2dc049b2a
209,עתידים -דבורה הנביאה,185180.1,669054.06,34.841254,32.114333,1,0,2025-08-13 20:43:16,835-209,30215,60f6980cbb37a6d2dc049b2b
215,רוקח מרכז הירידים,182209.54,667971.95,34.80982116931153,32.104473470893986,0,0,2025-08-13 20:43:16,835-215,30216,60f6980cbb37a6d2dc049b31
312,הנמל 12-מציצים,178697.89,666896.44,34.772663,32.094655,8,0,2025-08-13 20:43:16,835-312,30217,60f6980cbb37a6d2dc049b44
105,מרכז שוסטר אחימאיר 18,181496.39,670237.03,34.80217624785041,32.124875055000395,1,0,2025-08-13 20:43:16,835-105,30218,60f6980cbb37a6d2dc049b10
326,רכבת סבידור/מסוף 2000,180912.44,665632.43,34.796173,32.083332,2,0,2025-08-13 20:43:16,835-326,30219,60f6980cbb37a6d2dc049b52
332,דוד המלך 30,179867.17,665256.8,34.785117,32.079909,5,0,2025-08-13 20:43:16,835-332,30220,60f6980cbb37a6d2dc049b57
333,ויצמן 15-איכילוב,180206.57,665373.39,34.788707,32.080972,3,0,2025-08-13 20:43:16,835-333,30221,60f6980cbb37a6d2dc049b58
204,צהל פינת עיר שמש בכיכר,183697.2,669935.17,34.825509,32.122228,1,0,2025-08-13 20:43:16,835-204,30222,60f6980cbb37a6d2dc049b26
218,ראול ולנברג פינת הברזל,184357.18,668198.43,34.832566,32.106589,1,0,2025-08-13 20:43:17,835-218,30223,60f6980cbb37a6d2dc049b34
313,דיזנגוף 280,179053.84,666673.97,34.776443,32.092661,3,0,2025-08-13 20:43:17,835-313,30224,60f6980cbb37a6d2dc049b45
341,הרברט סמואל 90,178082.85,664983.98,34.76623,32.077388,3,0,2025-08-13 20:43:17,835-341,30225,60f6980cbb37a6d2dc049b5c
111,קניון רמת אביב,180979.93,668901.61,34.796757,32.112815,4,0,2025-08-13 20:43:17,835-111,30226,60f6980cbb37a6d2dc049b16
211,אסותא הברזל 23,184999.17,668466.13,34.839358,32.109025,2,0,2025-08-13 20:43:17,835-211,30227,60f6980cbb37a6d2dc049b2d
334,בן יהודה 86,178507.68,665418.74,34.770711,32.081323,4,0,2025-08-13 20:43:17,835-334,30228,60f6980cbb37a6d2dc049b59
350,בגין 121,180278.58,664391.32,34.7895097790985,32.07211832980405,3,0,2025-08-13 20:43:17,835-350,30229,60f6980cbb37a6d2dc049b64
109,טאגור מרכז מסחרי,181100.45,669424.57,34.798013,32.117535,1,0,2025-08-13 20:43:17,835-109,30230,60f6980cbb37a6d2dc049b14
203,לאה 16 פינת אלתרמן,183279.59,669692.12,34.821093,32.120022,0,0,2025-08-13 20:43:17,835-203,30231,60f6980cbb37a6d2dc049b25
303,אוסישקין 48,179219.79,666981.63,34.778188,32.095441,9,0,2025-08-13 20:43:17,835-303,30232,60f6980cbb37a6d2dc049b3b
305,שדרות רוקח - ספורטק,180254.1,667346.99,34.78913,32.098771,4,0,2025-08-13 20:43:17,835-305,30233,60f6980cbb37a6d2dc049b3d
320,השלה 1  -מתחם בזל,179310.91,666389.78,34.779178,32.090107,3,0,2025-08-13 20:43:17,835-320,30234,60f6980cbb37a6d2dc049b4c
324,אבן גבירול 106 -בית הדואר,179545.42,665719.77,34.78169,32.084073,4,0,2025-08-13 20:43:17,835-324,30235,60f6980cbb37a6d2dc049b50
329,מלון קרלטון בטיילת,178383.82,665992.33,34.769374542327874,32.08649129061607,11,0,2025-08-13 20:43:17,835-329,30236,60f6980cbb37a6d2dc049b54
360,שד יהודית 16 פינת הנציב,180327.78,664165.76,34.79004,32.070086,1,0,2025-08-13 20:43:18,835-360,30237,60f6980cbb37a6d2dc049b6b
122,אוניברסיטה שער 4,181659.0,668670.94,34.803961,32.110758,1,0,2025-08-13 20:43:18,835-122,30238,60f6980cbb37a6d2dc049b1f
322,שדרות הציונות 1 ,180586.61,665975.32,34.792708,32.086413,1,0,2025-08-13 20:43:18,835-322,30239,60f6980cbb37a6d2dc049b4e
344,נצח ישראל 4 פינת מסריק,179232.19,665030.76,34.778401,32.077849,0,0,2025-08-13 20:43:18,835-344,30240,60f6980cbb37a6d2dc049b5f
358,שפרינצק 1 - סינימטק,179640.34,664231.35,34.782757,32.070654,3,0,2025-08-13 20:43:18,835-358,30241,60f6980cbb37a6d2dc049b69
361,אלנבי 53 שוק הכרמל,178499.78,664111.9,34.770683,32.069538,10,0,2025-08-13 20:43:18,835-361,30242,60f6980cbb37a6d2dc049b6c
362,רוטשילד 108,179213.46,663994.87,34.778246,32.068507,1,0,2025-08-13 20:43:18,835-362,30243,60f6980cbb37a6d2dc049b6d
376,יהודה הלוי 74,179350.45,663860.45,34.7797024,32.0672995,3,0,2025-08-13 20:43:18,835-376,30244,60f6980cbb37a6d2dc049b7a
408,גרינבוים 37 - נווה עופר,178008.05,660941.9,34.765612,32.040935,1,0,2025-08-13 20:43:18,835-408,30245,60f6980cbb37a6d2dc049b92
422,מנדס פרנס - גינת טולוז,176272.34,661053.37,34.747231,32.041881,2,0,2025-08-13 20:43:18,835-422,30246,60f6980cbb37a6d2dc049b9d
424,אייזיק חריף מול 36,176287.46,659939.06,34.747441,32.031833,1,0,2025-08-13 20:43:18,835-424,30247,60f6980cbb37a6d2dc049b9f
510,קרייתי מול 28,181057.73,661974.09,34.797858,32.050347,1,0,2025-08-13 20:43:18,835-510,30248,60f6980cbb37a6d2dc049bae
530,הסינרמה,180491.85,663562.0,34.791802,32.064647,1,0,2025-08-13 20:43:18,835-530,30249,60f6980cbb37a6d2dc049bbe
379,שבזי 19 -נווה צדק,177926.0,663290.03,34.764642,32.062107,0,0,2025-08-13 20:43:18,835-379,30250,60f6980cbb37a6d2dc049b7c
396,מגדל צדק,178147.23,663003.47,34.76699694477463,32.05953045367164,1,0,2025-08-13 20:43:18,835-396,30251,60f6980cbb37a6d2dc049b8c
406,הגן הזואולוגי,178356.71,661921.77,34.76926145184373,32.04978308830759,0,0,2025-08-13 20:43:18,835-406,30252,60f6980cbb37a6d2dc049b91
410,יפת 66 -  גן השניים,176780.64,661670.56,34.752585,32.047464,0,0,2025-08-13 20:43:18,835-410,30253,60f6980cbb37a6d2dc049b94
417,נחל הבשור פינת שדרות ירושלים ,177132.94,660745.2,34.75635588182372,32.03913137316177,0,0,2025-08-13 20:43:19,835-417,30254,60f6980cbb37a6d2dc049b9a
503,יגאל אלון 96,180679.24,664113.62,34.7937642,32.0696278,2,0,2025-08-13 20:43:19,835-503,30255,60f6980cbb37a6d2dc049ba9
504,משה דיין פינת לה גרדיה,181318.37,662824.32,34.800584,32.058023,0,0,2025-08-13 20:43:19,835-504,30256,60f6980cbb37a6d2dc049baa
512,"יגאל אלון 33 פינת שדרות החי""ל ",180485.23,662697.28,34.791767,32.056849,2,0,2025-08-13 20:43:19,835-512,30257,60f6980cbb37a6d2dc049bb0
525,עזריאלי-בירידה לאיילון דרום,180530.02,664489.38,34.7921687643833,32.0730112334368,4,0,2025-08-13 20:43:19,835-525,30258,60f6980cbb37a6d2dc049bbc
372,יד חרוצים 17 - המסגר,179796.08,663245.7,34.784447,32.061771,0,0,2025-08-13 20:43:19,835-372,30259,60f6980cbb37a6d2dc049b77
388,שד חן פינת דיזנגוף,179373.23,664618.37,34.779912,32.074135,4,0,2025-08-13 20:43:19,835-388,30260,60f6980cbb37a6d2dc049b85
403,רציף העליה השניה - כיכר השעון,177070.94,662616.26,34.755617,32.056002,8,0,2025-08-13 20:43:19,835-403,30261,60f6980cbb37a6d2dc049b8f
405,כיכר קדומים -יפו העתיקה,176728.16,662467.63,34.751994,32.05465,0,0,2025-08-13 20:43:19,835-405,30262,60f6980cbb37a6d2dc049b90
501,שדרות ההשכלה 11,180902.79,663783.11,34.796145,32.066655,1,0,2025-08-13 20:43:19,835-501,30263,60f6980cbb37a6d2dc049ba7
517,דרך בר לב 186,182174.99,661372.94,34.809711,32.044964,1,0,2025-08-13 20:43:19,835-517,30264,60f6980cbb37a6d2dc049bb5
519,ילקוט  הרועים 2 - נחלת יצחק,181264.32,664627.97,34.79994,32.074286,2,0,2025-08-13 20:43:19,835-519,30265,60f6980cbb37a6d2dc049bb7
390,דיזנגוף סנטר צפון,178877.12,664894.01,34.7746461,32.0766037,6,0,2025-08-13 20:43:19,835-390,30266,60f6980cbb37a6d2dc049b86
394,החשמונאים פינת קרליבך,179668.8,664083.79,34.7830645,32.0693244,2,0,2025-08-13 20:43:19,835-394,30267,60f6980cbb37a6d2dc049b8a
402,לוינסקי 83א,178935.39,662864.25,34.77534883795928,32.05830186632128,2,0,2025-08-13 20:43:19,835-402,30268,60f6980cbb37a6d2dc049b8e
420,שד ירושלים פינת בן צבי 1,177437.41,662011.63,34.7595238392868,32.05056212921655,1,0,2025-08-13 20:43:19,835-420,30269,60f6980cbb37a6d2dc049b9c
381,פרישמן 77,179350.5,665224.93,34.779646,32.079604,2,0,2025-08-13 20:43:20,835-381,30270,60f6980cbb37a6d2dc049b7e
393,מלון אינטרקונטיננטל,177922.08,663620.65,34.76458618916322,32.06508835844346,1,0,2025-08-13 20:43:20,835-393,30271,60f6980cbb37a6d2dc049b89
531,משה דיין 116,181163.12,663703.62,34.798905,32.065947,0,0,2025-08-13 20:43:20,835-531,30272,60f6980cbb37a6d2dc049bbf
370,רוטשילד 65,179046.95,663628.23,34.776498,32.065195,12,0,2025-08-13 20:43:20,835-370,30273,60f6980cbb37a6d2dc049b75
375,מקווה ישראל 4,178822.93,663289.19,34.77414,32.06213,1,0,2025-08-13 20:43:20,835-375,30274,60f6980cbb37a6d2dc049b79
377,מתחם התחנה,177642.84,663022.74,34.761655,32.059687,6,0,2025-08-13 20:43:20,835-377,30275,60f6980cbb37a6d2dc049b7b
409,נמל יפו מבנה המגדלור,176570.47,662360.99,34.750329,32.053683,0,0,2025-08-13 20:43:20,835-409,30276,60f6980cbb37a6d2dc049b93
411,שוק פשפשים - רבי אחא,177051.96,662322.02,34.755429,32.053348,2,0,2025-08-13 20:43:20,835-411,30277,60f6980cbb37a6d2dc049b95
432,חכמי ישראל 1,178851.37,662132.47,34.77449,32.0517,0,0,2025-08-13 20:43:20,835-432,30278,60f6980cbb37a6d2dc049ba3
515,סמטת כביר 18,180210.71,661916.53,34.788892,32.049799,1,0,2025-08-13 20:43:20,835-515,30279,60f6980cbb37a6d2dc049bb3
518,דרך בר לב 111,181258.16,661601.29,34.799995,32.046992,1,0,2025-08-13 20:43:20,835-518,30280,60f6980cbb37a6d2dc049bb6
401,יסוד המעלה 64 - ת. מרכזית,179488.08,662655.58,34.78121,32.056439,0,0,2025-08-13 20:43:20,835-401,30281,60f6980cbb37a6d2dc049b8d
434,פוריה 2,177508.08,662543.83,34.76024898147582,32.055363723564994,13,0,2025-08-13 20:43:20,835-434,30282,60f6980cbb37a6d2dc049ba5
395,רוטשילד פינת אלנבי,178739.02,663441.65,34.773245,32.063502,7,0,2025-08-13 20:43:20,835-395,30283,60f6980cbb37a6d2dc049b8b
507,היכל נוקיה השלושה 9,180345.99,663276.0,34.790269,32.062063,1,0,2025-08-13 20:43:20,835-507,30284,60f6980cbb37a6d2dc049bab
514,מעפילי אגוז 59,182242.6,662249.29,34.810393,32.052869,0,0,2025-08-13 20:43:20,835-514,30285,60f6980cbb37a6d2dc049bb2
371,בגין 48 פינת הרכבת,179356.63,663378.1,34.779788,32.06295,1,0,2025-08-13 20:43:20,835-371,30286,60f6980cbb37a6d2dc049b76
391,חוף ירושלים,177981.43,664610.77,34.765172,32.074019,7,0,2025-08-13 20:43:21,835-391,30287,60f6980cbb37a6d2dc049b87
523,אצל 93,180649.31,661715.26,34.793544,32.047999,0,0,2025-08-13 20:43:21,835-523,30288,60f6980cbb37a6d2dc049bba
367,קויפמן 2 - תחנת הדלק,177664.6,663494.5,34.761865,32.063942,7,0,2025-08-13 20:43:21,835-367,30289,60f6980cbb37a6d2dc049b72
433,דרור 23 - גלי צהל,177090.5,661939.7,34.755853965029715,32.049901631009,4,0,2025-08-13 20:43:21,835-433,30290,60f6980cbb37a6d2dc049ba4
520,פארק דרום בכניסה,181686.81,661210.88,34.80454880489348,32.043485933345735,2,0,2025-08-13 20:43:21,835-520,30291,60f6980cbb37a6d2dc049bb8
526,לה גווארדיה 24,180299.92,662960.69,34.789794,32.059218,1,0,2025-08-13 20:43:21,835-526,30292,60f6980cbb37a6d2dc049bbd
534,הגבורה דרך השלום,181448.01,663700.1,34.8019221,32.065925,2,0,2025-08-13 20:43:21,835-534,30293,60f6980cbb37a6d2dc049bc2
373,הרכבת 8,179010.89,663415.09,34.7761251607132,32.063271785419424,2,0,2025-08-13 20:43:21,835-373,30294,60f6980cbb37a6d2dc049b78
385,ארלוזורוב פינת דרך נמיר,180854.55,665486.56,34.79556568413087,32.08201461271449,3,0,2025-08-13 20:43:21,835-385,30295,60f6980cbb37a6d2dc049b82
382,הנמל פינת יריד המזרח,179128.22,667409.91,34.7772,32.0993,8,0,2025-08-13 20:43:21,835-382,30296,60f6980cbb37a6d2dc049b7f
384,שד נורדאו פינת הירקון,178797.07,666685.1,34.773722550926195,32.092752625495265,9,0,2025-08-13 20:43:21,835-384,30297,60f6980cbb37a6d2dc049b81
412,ישראל גורי 34,179401.12,661123.93,34.780353,32.042624,2,0,2025-08-13 20:43:21,835-412,30298,60f6980cbb37a6d2dc049b96
415,שדרות בן צבי 101,178820.6,660967.24,34.774213498759266,32.041191144851155,0,0,2025-08-13 20:43:21,835-415,30299,60f6980cbb37a6d2dc049b98
508,משה דיין פינת יצחק שדה,181159.97,663545.16,34.798878,32.064518,0,0,2025-08-13 20:43:21,835-508,30300,60f6980cbb37a6d2dc049bac
369,רוטשילד 11 פינת הרצל,178459.09,663385.71,34.770283,32.062988,3,0,2025-08-13 20:43:21,835-369,30301,60f6980cbb37a6d2dc049b74
380,גן מאיר - רחוב קינג גורג,178802.8,664421.92,34.773879,32.072344,2,0,2025-08-13 20:43:21,835-380,30302,60f6980cbb37a6d2dc049b7d
392,הדולפינריום,177735.16,663857.26,34.762596457672124,32.067215654220014,8,0,2025-08-13 20:43:22,835-392,30303,60f6980cbb37a6d2dc049b88
416,פלורנטין שד וושינגטון ,178388.19,662619.49,34.769565,32.056076,6,0,2025-08-13 20:43:22,835-416,30304,60f6980cbb37a6d2dc049b99
431,תחנת רכבת וולפסון,177390.99,660374.58,34.759104,32.035798,4,0,2025-08-13 20:43:22,835-431,30305,60f6980cbb37a6d2dc049ba2
522,תחנת רכבת ההגנה,179837.72,662419.5,34.784922,32.054322,2,0,2025-08-13 20:43:22,835-522,30306,60f6980cbb37a6d2dc049bb9
533,לה גרדיה 60,181006.74,662927.19,34.79728,32.05894,2,0,2025-08-13 20:43:22,835-533,30307,60f6980cbb37a6d2dc049bc1
537,יגאל אלון דרך השלום ,180699.38,664307.59,34.7939697,32.0713777,1,0,2025-08-13 20:43:22,835-537,30308,60f6980cbb37a6d2dc049bc4
414,שד הבעל שם טוב נוה אילן,176638.62,660555.07,34.751131,32.0374,2,0,2025-08-13 20:43:22,835-414,30309,60f6980cbb37a6d2dc049b97
430,העליה 49,178685.83,662587.42,34.772718,32.055797,2,0,2025-08-13 20:43:22,835-430,30310,60f6980cbb37a6d2dc049ba1
509,הטייסים 40,181887.53,662642.52,34.806618,32.056403,0,0,2025-08-13 20:43:22,835-509,30311,60f6980cbb37a6d2dc049bad
368,אלנבי 90 פינת מאזה,178574.38,663807.11,34.771486,32.066792,4,0,2025-08-13 20:43:22,835-368,30312,60f6980cbb37a6d2dc049b73
418,ישראל מסלנט מול 13,179489.56,661804.04,34.781261,32.04876,0,0,2025-08-13 20:43:22,835-418,30313,60f6980cbb37a6d2dc049b9b
425,המחרוזת 9,176839.86,660159.76,34.753279,32.033842,0,0,2025-08-13 20:43:22,835-425,30314,60f6980cbb37a6d2dc049ba0
436,לבנדה 43,179670.54,662806.12,34.783135830688465,32.0578027004875,1,0,2025-08-13 20:43:22,835-436,30315,60f6980cbb37a6d2dc049ba6
513,משה דיין 45,181247.32,662236.41,34.799855,32.052719,4,0,2025-08-13 20:43:22,835-513,30316,60f6980cbb37a6d2dc049bb1
536,השלום 16,181034.59,664302.15,34.79752,32.07134,2,0,2025-08-13 20:43:22,835-536,30317,60f6980cbb37a6d2dc049bc3
383,זבוטינסקי-יהושוע בן נון,179390.77,666221.37,34.780031,32.088591,0,0,2025-08-13 20:43:22,835-383,30318,60f6980cbb37a6d2dc049b80
386,חוף פרישמן,178206.94,665363.99,34.767528,32.080819,9,0,2025-08-13 20:43:22,835-386,30319,60f6980cbb37a6d2dc049b83
387,דוד המלך פינת ויצמן,180164.36,665226.84,34.788266,32.079649,5,0,2025-08-13 20:43:23,835-387,30320,60f6980cbb37a6d2dc049b84
516,מחל 79,182403.6,661878.96,34.812112,32.049535,1,0,2025-08-13 20:43:23,835-516,30321,60f6980cbb37a6d2dc049bb4
532,יגאל אלון 157,181046.09,665097.2,34.79761,32.07851,3,0,2025-08-13 20:43:23,835-532,30322,60f6980cbb37a6d2dc049bc0
352,מתחם גינדי,180033.96,664097.15,34.786931169064324,32.069457316706995,1,0,2025-08-13 20:43:23,835-352,30323,612bd551b1606e1b5bf444fb
801,מרינה (כניסה צפונית) הרצליה,181184.56,674609.78,34.798697550926214,32.164296811671775,0,0,2025-08-13 20:43:23,835-801,30324,626540ddb562a0e83d502c35
351,גשר הקריה - שער בגין,180371.94,664666.83,34.790487271424865,32.07460602754259,0,0,2025-08-13 20:43:23,835-351,30325,6265543bb562a0e83d502c79
3871,איכילוב - שער 4,180442.52,665110.64,34.791216832276916,32.07861059501526,0,0,2025-08-13 20:43:23,835-3871,30326,626554eeb562a0e83d502c7a
1232,האוניברסיטה הפתוחה,181980.08,669338.45,34.80733690845642,32.11678835491523,0,0,2025-08-13 20:43:23,835-1232,30327,626555bcb562a0e83d502c7b
802,המנופים פינת שנקר הרצליה,182159.07,674105.5,34.80904827976225,32.15978261624261,0,0,2025-08-13 20:43:23,835-802,30328,626799cb88672e7868296d34
803,תחנת רכבת הרצליה,183041.95,674576.62,34.818389682556145,32.16406116509138,4,0,2025-08-13 20:43:23,835-803,30329,62679be888672e7868296d53
804,קניון שבעת הכוכבים הרצליה,183519.63,674596.47,34.823452944774644,32.16425647216349,1,0,2025-08-13 20:43:23,835-804,30330,6267a0e388672e7868296d7a
805,פארק הרצליה,183580.61,675122.05,34.82407976686479,32.168998062955076,3,0,2025-08-13 20:43:23,835-805,30331,6267a2a188672e7868296d93
806,אוניברסיטת רייכמן הרצליה,184919.8,675882.72,34.83825032084942,32.17590329818592,3,0,2025-08-13 20:43:23,835-806,30332,6267ab0088672e7868296de3
807,שדרות חן הרצליה,185336.39,674925.61,34.84270134110451,32.16728659427612,1,0,2025-08-13 20:43:23,835-807,30333,6267ac6c88672e7868296df4
808,עיריית הרצליה,185304.08,674414.77,34.84237704079866,32.162678864701284,2,0,2025-08-13 20:43:23,835-808,30334,6267ae6a88672e7868296e08
809,נווה אמירים הרצליה,185278.23,673375.94,34.84214,32.15331,3,0,2025-08-13 20:43:23,835-809,30335,6267b17088672e7868296e1e
810,גליל ים (כניסה) הרצליה,183842.64,674254.09,34.82689,32.16118,2,0,2025-08-13 20:43:23,835-810,30336,6267b32088672e7868296e48
2321,בני אפרים/שלום שטרית,182733.09,668337.76,34.81535392724154,32.10779013547374,0,0,2025-08-13 20:43:24,835-2321,30337,6299ca61ac72ed071b5023ea
811,Outlet הרצליה,182235.98,674860.13,34.80983428214423,32.166590248207804,1,0,2025-08-13 20:43:24,835-811,30338,629ee2e9ac72ed071b502e30
812,משכית הרצליה,182303.25,674536.04,34.81056,32.16367,2,0,2025-08-13 20:43:24,835-812,30339,62a02f37ac72ed071b5030d4
813,חוף זבולון הרצליה,181464.62,675697.64,34.801623512897486,32.17411644696554,4,0,2025-08-13 20:43:24,835-813,30340,62a03094ac72ed071b5030d7
814,בית חיל האויר הרצליה,183942.77,675105.37,34.82792,32.16886,1,0,2025-08-13 20:43:24,835-814,30341,62a0326cac72ed071b5030d8
815,בית קינן הרצליה,184185.81,675831.9,34.83047,32.17542,0,0,2025-08-13 20:43:24,835-815,30342,62a033a5ac72ed071b5030d9
816,מרכז שחיה אפולוניה הרצליה,184758.93,675735.47,34.83655,32.17457,3,0,2025-08-13 20:43:24,835-816,30343,62a034efac72ed071b5030e1
817,הדר/סוקולוב הרצליה,185920.86,674932.63,34.848897492065426,32.16736985183996,2,0,2025-08-13 20:43:24,835-817,30344,62a03731ac72ed071b5030e6
818,נווה ישראל הרצליה,185288.21,673819.47,34.84223,32.15731,1,0,2025-08-13 20:43:24,835-818,30345,62a03882ac72ed071b5030eb
819,גן היובל הרצליה,185772.76,673717.83,34.84737,32.15641,0,0,2025-08-13 20:43:24,835-819,30346,62a039bfac72ed071b5030ec
820,מיקרוסופט הרצליה,181949.15,673746.61,34.806837,32.156539,2,0,2025-08-13 20:43:24,835-820,30347,62c3e42cee22af3b404cfa2c
821,נווה עמל הרצליה,186642.54,675036.04,34.856545,32.168327,0,0,2025-08-13 20:43:24,835-821,30348,62dcf1a8a508f943f443478c
822,חוף השרון הרצליה,181738.38,676323.26,34.80450139881134,32.1797674244306,2,0,2025-08-13 20:43:24,835-822,30349,62dd03c9a508f943f44347e7
823,חוף אכדיה הרצליה,181348.31,675251.92,34.800408,32.170093,2,0,2025-08-13 20:43:24,835-823,30350,62dd055aa508f943f44347ee
826,פארק גליל ים הרצליה,183417.05,674262.25,34.822378,32.161239,4,0,2025-08-13 20:43:24,835-826,30351,62de32af7c36ffd32c66f411
827,גליל ים ב הרצליה,183407.84,673783.01,34.82229840244674,32.156917074260996,1,0,2025-08-13 20:43:24,835-827,30352,62de3dad7c36ffd32c66f453
828,הילס הרצליה,182611.46,674339.92,34.813835,32.161912,4,0,2025-08-13 20:43:25,835-828,30353,62de43a17c36ffd32c66f46f
829,"גן רש""ל הרצליה",185495.79,676155.57,34.8443477460327,32.178383469734136,0,0,2025-08-13 20:43:25,835-829,30354,62df934f7c36ffd32c66fa7a
830,חוף הכוכבים הרצליה,180889.36,673939.02,34.795595,32.158238,2,0,2025-08-13 20:43:25,835-830,30355,62df97517c36ffd32c66fa9f
232,מרכז הספורט - שלום שטרית,183102.19,668111.3,34.819273015750134,32.10576054944394,4,0,2025-08-13 20:43:25,835-232,30356,63bebae1b547cd747507bd15
1031,קמפוס WIX מערב,181263.73,672161.96,34.79963431513593,32.14222563636984,3,0,2025-08-13 20:43:25,835-1031,30357,63ff3832fb2649b894cadf41
397,הרכבת הקלה - תחנת קרליבך,179604.94,663557.18,34.78241,32.064573333333335,2,0,2025-08-13 20:43:25,835-397,30358,646d9d291d76bf6d56f1dbfe
833,הרב קוק הרצליה,184546.78,674345.45,34.834351228172295,32.162027878395094,0,0,2025-08-13 20:43:25,835-833,30359,64815df78e1a6fbc5d77f715
1041,קדושי השואה 20,180587.6,670483.78,34.79253606264039,32.12706918820413,3,0,2025-08-13 20:43:25,835-1041,30360,67762b73410de65c41002a99
1201,גן מארק שגאל,180072.96,669513.29,34.787122230207835,32.1182999783687,1,0,2025-08-13 20:43:25,835-1201,30361,6793b8cce8350f1d500fd3c6
1202,לוי אשכול/מארק שגאל,180354.44,669380.22,34.790110211050425,32.11710959839178,4,0,2025-08-13 20:43:25,835-1202,30362,6793b9d7410de65c41008073
1141,לוי אשכול 40,180215.72,668197.16,34.78868864027253,32.106436376016184,2,0,2025-08-13 20:43:25,835-1141,30363,6793bbe3e8350f1d500fd3d0
1053,אליהו חכים/פינשטיין,181420.99,670553.08,34.801364760076915,32.12772251471383,2,0,2025-08-13 20:43:25,835-1053,30364,67949cc5e8350f1d500fd4c3
1052,קאנטרי רמת אביב ג,181548.02,670545.54,34.80271122900239,32.12765891358343,0,0,2025-08-13 20:43:25,835-1052,30365,67949e62e8350f1d500fd4c4
1231,חיים לבנון/קלצקין,181458.12,669514.6,34.80179927793733,32.11835904261886,0,0,2025-08-13 20:43:25,835-1231,30366,6794a019e8350f1d500fd4cb
1233,קלאוזנר - מוזיאון הטבע,181981.75,669005.25,34.807367543852244,32.1137837216785,0,0,2025-08-13 20:43:25,835-1233,30367,6794a2bce8350f1d500fd4cc
1091,"טאגור- בי""ס ניצנים",180935.05,669087.81,34.79627392736665,32.114492525237196,2,0,2025-08-13 20:43:25,835-1091,30368,6794a3c0e8350f1d500fd4cd
1203,מועדון ספורט רנסאנס,179944.09,669048.41,34.78577576128236,32.11410342019809,2,0,2025-08-13 20:43:25,835-1203,30369,67ab10bfed7a501dc40e1454
1131,"רדינג - בי""ס אליאנס",180739.02,668264.65,34.7942300840973,32.10706281839478,0,0,2025-08-13 20:43:25,835-1131,30370,67ab11d1586e161cfa58bad2
1092,יהודה הנשיא 9,180779.07,669209.76,34.794616322195445,32.11558689820693,0,0,2025-08-13 20:43:26,835-1092,30371,67ab3959ed7a501dc40e1534
1211,יהודה הנשיא/הרב אשי,180886.72,669830.07,34.79573212114564,32.12118436839748,0,0,2025-08-13 20:43:26,835-1211,30372,67ab3a89ed7a501dc40e1538
1051,שלמה בן יוסף - מרכז מסחרי,181122.29,670275.54,34.7982104822754,32.12520960958547,3,0,2025-08-13 20:43:26,835-1051,30373,67ab3bb8586e161cfa58bbb4
4201,שדרות ירושלים/יהודה הימית,177349.65,661899.72,34.75859961954347,32.04954993840214,0,0,2025-08-13 20:43:26,835-4201,30374,67ab4013586e161cfa58bbb8
4171,שדרות ירושלים - גן רפפורט,177162.58,661017.52,34.756657700216685,32.04158810259598,2,0,2025-08-13 20:43:26,835-4171,30375,67ab418aed7a501dc40e1549
4221,פארק המדרון דרום,176117.89,660803.63,34.74560699907533,32.039623682513906,0,0,2025-08-13 20:43:26,835-4221,30376,67ab42ec586e161cfa58bbdf
4091,חניון נמל יפו,176485.14,662039.38,34.74943987575761,32.05077984613626,2,0,2025-08-13 20:43:26,835-4091,30377,67ab4a53ed7a501dc40e157f
4101,יפת 42,176794.73,661986.02,34.75272021738282,32.05030925492598,0,0,2025-08-13 20:43:26,835-4101,30378,67ab4c06586e161cfa58bbf9
4041,דרך בן-צבי/שלבים,177842.22,661831.05,34.76381785718194,32.048947482186875,2,0,2025-08-13 20:43:26,835-4041,30379,67ab4cf0586e161cfa58bc14
4081,"שז""ר 41",177846.69,660788.02,34.763910393392955,32.03954183076242,0,0,2025-08-13 20:43:26,835-4081,30380,67ab4dcc586e161cfa58bc15
4042,סלאמה/קיבוץ גלויות,177793.56,662413.84,34.76327739206544,32.05420122154887,1,0,2025-08-13 20:43:26,835-4042,30381,67ab4ef0586e161cfa58bc24
4102,יפת/שבטי ישראל,176735.46,661143.18,34.75213013139955,32.04270671186206,0,0,2025-08-13 20:43:26,835-4102,30382,67ab4fa5ed7a501dc40e159a
5201,משה דיין/הרב יעקב טראב,181060.15,661310.38,34.79791007486573,32.044361864723825,0,0,2025-08-13 20:43:26,835-5201,30383,67ab5130ed7a501dc40e159e
5202,ספורטק פארק דרום,180660.28,661150.53,34.79368291345826,32.042906786875086,0,0,2025-08-13 20:43:26,835-5202,30384,67ab5241586e161cfa58bc2a
4301,סלאמה/הרצל,178513.12,662452.96,34.770894865667735,32.054578588013676,4,0,2025-08-13 20:43:26,835-4301,30385,67ab52bf586e161cfa58bc2c
4061,קיבוץ גלויות/הרצל,178436.5,662108.64,34.77009824959031,32.05147095154634,2,0,2025-08-13 20:43:26,835-4061,30386,67ab536d586e161cfa58bc2d
5231,"דרך לח""י/חירותנו",180476.16,661630.25,34.79171417204133,32.04722648164304,0,0,2025-08-13 20:43:27,835-5231,30387,67ab544bed7a501dc40e15b0
5203,הבלונים/שתולים,180884.06,661106.32,34.79605398622743,32.0425157307599,1,0,2025-08-13 20:43:27,835-5203,30388,67ab5548ed7a501dc40e15b3
4181,קיבוץ גלויות 118,179265.56,661655.35,34.77889556029662,32.04741154326391,1,0,2025-08-13 20:43:27,835-4181,30389,67b70dabed7a501dc40e34d8
4151,הקשת 6א,178881.25,661079.96,34.77485078910216,32.042209706805785,0,0,2025-08-13 20:43:27,835-4151,30390,67b70e55586e161cfa58de83
4082,מאיר גרוסמן 8,178326.3,660923.72,34.768982115777575,32.04078187831094,0,0,2025-08-13 20:43:27,835-4082,30391,67b71f47586e161cfa58deb7
4083,שבח מופת - מרדכי בנטוב 8,178304.95,661158.78,34.768746081384265,32.0429008769312,0,0,2025-08-13 20:43:27,835-4083,30392,67b72020ed7a501dc40e3523
4321,מסילת ישרים/בר יוחאי,179099.62,662196.11,34.77711591461524,32.052282313087396,2,0,2025-08-13 20:43:27,835-4321,30393,67b720f7586e161cfa58decb
4322,בעל העקידה/דה מודנה,179266.95,662263.41,34.77888483146056,32.05289497733014,3,0,2025-08-13 20:43:27,835-4322,30394,67b721bbed7a501dc40e3524
2091,קהילת זגלמביה,184966.24,669210.4,34.83898240664824,32.11573547321447,2,0,2025-08-13 20:43:27,835-2091,30395,67b72947ed7a501dc40e353f
2094,דבורה הנביאה/שוהם,184037.46,669573.14,34.82912797072753,32.118974954792186,0,0,2025-08-13 20:43:27,835-2094,30396,67b729dced7a501dc40e3553
2093,דבורה הנביאה/יעקב חזן,184331.92,669519.13,34.83225006202086,32.11849789950684,0,0,2025-08-13 20:43:27,835-2093,30397,67b72ad4586e161cfa58def1
2083,דבורה הנביאה/פנחס רוזן,183709.23,669523.5,34.825651827844226,32.118516073087186,0,0,2025-08-13 20:43:27,835-2083,30398,67b72b5d586e161cfa58def4
2061,בית אל/רמה,185216.24,669555.33,34.84161901810988,32.118854555360585,1,0,2025-08-13 20:43:27,835-2061,30399,67b72c3a586e161cfa58def5
2062,קאנטרי נווה שרת,185335.37,669444.01,34.84288535562745,32.11785472355304,0,0,2025-08-13 20:43:27,835-2062,30400,67c03b76586e161cfa58f322
2081,פנחס רוזן 26,183805.72,668515.14,34.82671163526765,32.10942627633385,1,0,2025-08-13 20:43:27,835-2081,30401,67c04691586e161cfa58f34f
2092,דבורה הנביאה/משמר הירדן,184526.16,669536.25,34.834307651197825,32.11865890668828,3,0,2025-08-13 20:43:27,835-2092,30402,67c047cb586e161cfa58f353
2201,רפידים 2,182646.46,668433.36,34.81443248239747,32.10864927518043,0,0,2025-08-13 20:43:27,835-2201,30403,67c054ba586e161cfa58f394
2202,רפידים/מבצע קדש,182476.45,669020.51,34.812608580267344,32.11393820497437,2,0,2025-08-13 20:43:28,835-2202,30404,67c05552ed7a501dc40e4894
2021,מרדכי מאיר 7,182663.53,670073.81,34.81455049959413,32.12344296836553,1,0,2025-08-13 20:43:28,835-2021,30405,67c056f2586e161cfa58f395
2022,גינת אלכסנדר פן,182386.99,670036.06,34.811621527349864,32.12309314519403,1,0,2025-08-13 20:43:28,835-2022,30406,67c057afed7a501dc40e4895
2071,מבצע קדש/קהילת ונציה,183348.76,668871.09,34.821856836950694,32.112620544938466,1,0,2025-08-13 20:43:28,835-2071,30407,67c05afb586e161cfa58f3a3
2101,בני אפרים/הדר יוסף,182874.23,668694.52,34.816835741674815,32.11101206518643,2,0,2025-08-13 20:43:28,835-2101,30408,67c05be9586e161cfa58f3a4
2031,בני אפרים/שלונסקי,183063.58,669541.27,34.818809847509776,32.11865436330075,2,0,2025-08-13 20:43:28,835-2031,30409,67c05cb1586e161cfa58f3a5
1021,מגדלי נאמן,180883.65,671756.29,34.79562215057603,32.138554503202165,0,0,2025-08-13 20:43:28,835-1021,30410,67c05e88ed7a501dc40e48ae
1022,מכללת לוינסקי,181098.88,671584.97,34.79791007486573,32.13701688889971,0,0,2025-08-13 20:43:28,835-1022,30411,67c0602b586e161cfa58f3b0
2051,הפרסה 27,184934.12,669807.27,34.83862064329377,32.121116846243794,0,0,2025-08-13 20:43:28,835-2051,30412,67c062baed7a501dc40e48b9
1042,"בי""ס תיכונט",180703.31,670987.52,34.79374192205659,32.13161572805083,1,0,2025-08-13 20:43:28,835-1042,30413,67c063d7586e161cfa58f3b1
4152,מרכז קהילתי גולדשטיין גורן,178714.7,661409.49,34.77307355680847,32.04517569223749,0,0,2025-08-13 20:43:28,835-4152,30414,67c856d3586e161cfa5906ab
2032,בני אפרים/מנורה,183379.21,669927.44,34.822139741180415,32.12214750551408,1,0,2025-08-13 20:43:28,835-2032,30415,67d16270ed7a501dc40e6b78
2131,שלום אש 32,183616.74,668373.69,34.82471466183471,32.10814424627475,1,0,2025-08-13 20:43:28,835-2131,30416,67d163ce586e161cfa5918e0
2191,פתחיה מרגנשבורג 31,184081.65,669061.48,34.82961505770492,32.11436237653791,0,0,2025-08-13 20:43:28,835-2191,30417,67d16537586e161cfa5918e4
2192,אבן ספיר 4,183846.05,668794.57,34.827128649948115,32.111947420455515,1,0,2025-08-13 20:43:28,835-2192,30418,67d16616586e161cfa5918e5
2072,תיכון ליידי דייויס,182933.16,669207.65,34.81744051098632,32.11564139136957,2,0,2025-08-13 20:43:28,835-2072,30419,67d16c6aed7a501dc40e6b93
2193,משמר הירדן 115,184472.73,669347.94,34.83374834179687,32.116959007801846,0,0,2025-08-13 20:43:29,835-2193,30420,67d16ffc586e161cfa591903
1032,קמפוס WIX מזרח,181358.02,672157.14,34.800633789299006,32.14218542124218,5,0,2025-08-13 20:43:29,835-1032,30421,67d1731f586e161cfa59190a
2082,פנחס רוזן 65,183662.74,669073.39,34.82517600178527,32.11445552031897,0,0,2025-08-13 20:43:29,835-2082,30422,67d17680ed7a501dc40e6bad
2194,טבנקין/תירוש,184192.19,669255.54,34.830779136417384,32.11611618982797,1,0,2025-08-13 20:43:29,835-2194,30423,67d17a48586e161cfa59191d
2121,ישראל אשכנזי 31,184081.31,668599.69,34.829628468749995,32.11019807088447,0,0,2025-08-13 20:43:29,835-2121,30424,67d17b27586e161cfa59191e
2041,"צה""ל/אבוקה",184034.44,669969.3,34.82908129811096,32.122547307458376,2,0,2025-08-13 20:43:29,835-2041,30425,67d17d20586e161cfa591924
4182,אסירי ציון 10,179079.47,661675.29,34.77692447153321,32.04758501456278,3,0,2025-08-13 20:43:29,835-4182,30426,67e1099d863fb19c86c52ade
4153,דרך בן צבי 76,178405.82,661221.51,34.76981125322572,32.04346995763434,0,0,2025-08-13 20:43:29,835-4153,30427,67e10dc9863fb19c86c52b07
3081,קוסובסקי 6,180816.78,667155.08,34.79509858795777,32.09705958333845,3,0,2025-08-13 20:43:29,835-3081,30428,67e3a11c165654bfb3b7390a
3082,קוסובסקי 58,181361.32,667337.46,34.80085997292176,32.09872284143337,5,0,2025-08-13 20:43:29,835-3082,30429,67e3a2f8165654bfb3b7390b
3083,קאנטרי דקל,181667.7,667139.26,34.80411349245682,32.096945971707925,2,0,2025-08-13 20:43:29,835-3083,30430,67e3a3ae165654bfb3b7390c
3282,הרב ניסים 11,181281.37,666700.98,34.80003824167787,32.09298046575032,1,0,2025-08-13 20:43:29,835-3282,30431,67e3e72c165654bfb3b73a39
3283,הרב ניסים/ההלכה,181130.74,666505.5,34.79845037394105,32.09121257383738,2,0,2025-08-13 20:43:29,835-3283,30432,67e3e7ef165654bfb3b73a3a
3291,מלון הילטון,178543.89,666111.59,34.771065019899,32.087572153959975,0,0,2025-08-13 20:43:29,835-3291,30433,67e3ed55863fb19c86c5358d
3292,גן העצמאות,178698.07,666546.95,34.77267970972596,32.09150343758293,5,0,2025-08-13 20:43:29,835-3292,30434,67e3f097863fb19c86c535a5
3181,דיזנגוף/ז'בוטינסקי,178969.75,666288.14,34.775568448835,32.08917877412034,2,0,2025-08-13 20:43:29,835-3181,30435,67e3f1ec165654bfb3b73a64
2102,קהילת וורשה - מרכז מסחרי,183409.59,668645.11,34.82250978880464,32.11058480263127,1,0,2025-08-13 20:43:29,835-2102,30436,67e3f6af165654bfb3b73a85
3611,תיאטרון קליפה,178277.5,664233.51,34.76832380228578,32.07062706814799,3,0,2025-08-13 20:43:30,835-3611,30437,67e3f78f165654bfb3b73a89
3681,בית שטראוס,178819.16,663895.23,34.77407445841371,32.06759498468389,0,0,2025-08-13 20:43:30,835-3681,30438,67e3f8e2863fb19c86c535b7
3281,הרב ניסים/ירושלמי,181373.9,667031.32,34.80100534406892,32.09596256540601,0,0,2025-08-13 20:43:30,835-3281,30439,67e530b932199d78fa760ff8
4222,מרכז פרס לשלום,176213.89,660554.98,34.74663458490599,32.03738468287222,1,0,2025-08-13 20:43:30,835-4222,30440,67ed2dea92409ecffcf68921
6001,מלון שפיים,183419.06,680285.65,34.82217300275191,32.215556684681125,8,0,2025-08-13 20:43:30,835-6001,30441,67f37b4d5a4d26aeecf1292f
43211,סגירת השכרות - חירום,194312.2,655742.5,34.93836166131592,31.99460355426799,0,0,2025-08-13 20:43:30,835-43211,30442,67f4fc1092409ecffcf6c27d
3031,אוסישקין 96,179623.65,666974.56,34.78246657471315,32.09539105912039,1,0,2025-08-13 20:43:30,835-3031,30443,67f794b65a4d26aeecf13756
3510,נמיר/שאול המלך,180605.14,665142.84,34.79293791870729,32.078906506049854,0,0,2025-08-13 20:43:30,835-3510,30444,67f7a42992409ecffcf6ce2c
3872,דפנה 22,180569.98,665220.09,34.7925624094452,32.07960194429042,3,0,2025-08-13 20:43:30,835-3872,30445,67f7a55892409ecffcf6ce2e
3321,גן סוטין,179990.61,665492.44,34.78641478638307,32.08203820907194,6,0,2025-08-13 20:43:30,835-3321,30446,67f7a7ab92409ecffcf6ce2f
3361,בית בן גוריון,178510.2,665867.99,34.77071849922792,32.085374331987026,1,0,2025-08-13 20:43:30,835-3361,30447,67f7a89c5a4d26aeecf1376f
3051,המועצה לישראל יפה,181404.0,667617.41,34.80130104641572,32.10124879032325,3,0,2025-08-13 20:43:30,835-3051,30448,67f7aa5492409ecffcf6ce4a
1054,"חיים לבנון/קק""ל",181514.04,669833.51,34.80237929443971,32.121236775678064,0,0,2025-08-13 20:43:30,835-1054,30449,67f7acd692409ecffcf6ce4c
8051,פארק הרצליה - צפון,183928.02,675619.35,34.82774458551634,32.17349445450786,1,0,2025-08-13 20:43:30,835-8051,30450,67ff5268b523bc58eed7633f
5331,יד לבנים 31,181018.2,663159.04,34.79739207366332,32.06103118158285,1,0,2025-08-13 20:43:30,835-5331,30451,68062cc63b3dc698a6db22fa
3651,מלון המלך גורג',179841.31,663449.56,34.784917557177735,32.06361091233925,1,0,2025-08-13 20:43:30,835-3651,30452,680741d9a8042a0900937c60
3601,הנציב 6,180312.24,663931.73,34.789885008273316,32.06797508885286,0,0,2025-08-13 20:43:31,835-3601,30453,680742fca8042a0900937c61
3602,איסרליש/שפע טל,180443.91,664318.89,34.79126366370697,32.071470825855656,1,0,2025-08-13 20:43:31,835-3602,30454,680743f3a8042a0900937c7e
5321,מגדלי הצעירים,180924.22,665288.4,34.796311581073,32.0802300375261,0,0,2025-08-13 20:43:31,835-5321,30455,6807453dd45e50f1ded082ef
5091,השלום/הטייסים,181741.14,663227.62,34.80504485362549,32.06167424230445,0,0,2025-08-13 20:43:31,835-5091,30456,68074632d45e50f1ded082f6
3652,בגין/המלאכה,179847.7,663789.82,34.78497120135803,32.066679495685335,0,0,2025-08-13 20:43:31,835-3652,30457,6807485ea8042a0900937c96
3851,דרך נמיר/ארלוזורוב,180738.66,665505.84,34.79433747523804,32.0821844953962,0,0,2025-08-13 20:43:31,835-3851,30458,68074d39d45e50f1ded08303
3931,White City Residence,178116.58,663610.34,34.76664634936829,32.06500201621319,4,0,2025-08-13 20:43:31,835-3931,30459,68074ff5d45e50f1ded08304
5031,יגאל אלון/קרמניצקי,180620.88,663836.8,34.793157303271485,32.06712954591876,0,0,2025-08-13 20:43:31,835-5031,30460,6807509ba8042a0900937cbc
3431,דב הוז 2,178636.44,665157.94,34.77208586925049,32.07897552626779,1,0,2025-08-13 20:43:31,835-3431,30461,68075185a8042a0900937cd4
4183,חכמי לובלין 18,179375.38,661933.77,34.78004666560669,32.04992605058647,2,0,2025-08-13 20:43:31,835-4183,30462,6807527ca8042a0900937cd5
2042,צומת הפיל,183582.68,670018.23,34.82429238551636,32.12297312355034,1,0,2025-08-13 20:43:31,835-2042,30463,6807537fd45e50f1ded0830a
3771,פארק המסילה - אליפלט,177840.0,662900.99,34.76374805370634,32.05859582864333,3,0,2025-08-13 20:43:31,835-3771,30464,680e2df3a8042a090093945a
3772,פארק המסילה - פינס,178208.25,663141.59,34.76763725677793,32.06077806257142,1,0,2025-08-13 20:43:31,835-3772,30465,680e2e7dd45e50f1ded08f32
3773,פארק המסילה - הרצל,178475.87,663175.37,34.77046966949766,32.061091754419124,1,0,2025-08-13 20:43:31,835-3773,30466,680e2f07a8042a090093945b
3791,לילנבלום 2,178169.68,663247.1,34.76722419658964,32.061728227326256,4,0,2025-08-13 20:43:31,835-3791,30467,680e2faaa8042a0900939477
3511,הרכבת הקלה - שאול המלך,180549.14,664985.82,34.79235113064115,32.07748861133707,0,0,2025-08-13 20:43:31,835-3511,30468,680f4341a8042a0900939807
1043,קדושי השואה 2,180534.53,670089.09,34.791989664062484,32.12350818005852,0,0,2025-08-13 20:43:31,835-1043,30469,6819cf390b487cac5894bd23
3531,הארבעה 28,179949.6,664187.03,34.78603399076843,32.07026487860909,1,0,2025-08-13 20:43:31,835-3531,30470,681af452e04e6a6ed5043d7f
2011,פארק המשתלה,184231.6,670583.75,34.83114800897828,32.128095034729355,1,0,2025-08-13 20:43:32,835-2011,30471,682083c80b487cac5894cfa1
5161,"מח""ל/ששת הימים",182180.76,661821.03,34.8097547098755,32.049004945141924,0,0,2025-08-13 20:43:32,835-5161,30472,68208461e04e6a6ed5044a3d
4154,המשלטים 12,178999.42,661419.59,34.77608762232057,32.04527645098954,0,0,2025-08-13 20:43:32,835-4154,30473,682088270b487cac5894cfb2
8031,רכבת הרצליה - מערב,182919.47,674663.43,34.817087869322215,32.16483983555964,3,0,2025-08-13 20:43:32,835-8031,30474,682c471cec6d71bcef2cfd63
4031,מרזוק ועזר 3 - כיכר השעון,177188.45,662557.41,34.75686389544829,32.0554752554183,3,0,2025-08-13 20:43:32,835-4031,30475,682ed4b178256b94ae87116d
3011,תחנת הכוח,179164.16,667801.11,34.777564402315214,32.10282899626782,15,0,2025-08-13 20:43:32,835-3011,30476,683018f4ec6d71bcef2d0570
840,מחלף הסירה,182289.65,674135.08,34.81043136396789,32.16005380797665,4,0,2025-08-13 20:43:32,835-840,30477,6838368a0d77cbfbcd59a0ef
841,סינמה סיטי גלילות,181588.28,672694.29,34.80305314183044,32.14703714687799,3,0,2025-08-13 20:43:32,835-841,30478,684155740d77cbfbcd59b24c
842,אבא אבן/גלגלי הפלדה,182067.83,674417.4,34.80806887268829,32.1625920816883,3,0,2025-08-13 20:43:32,835-842,30479,684158f3cf069ead3d72b898
843,כיכר הציונות,181681.87,675271.39,34.80394363522338,32.170280007635235,3,0,2025-08-13 20:43:32,835-843,30480,684159dc0d77cbfbcd59b259
1171,מחנה אביב,181119.94,667854.96,34.798282232886734,32.10338132024389,4,0,2025-08-13 20:43:32,835-1171,30481,684518ab0d77cbfbcd59bc8c
5251,ToHa,180787.11,664460.14,34.79489268349761,32.07275631273725,0,0,2025-08-13 20:43:32,835-5251,30482,68457eaacf069ead3d72d3e1
5252,עזריאלי - כניסה ראשית,180495.17,664544.42,34.79179741429442,32.073506345384615,0,0,2025-08-13 20:43:32,835-5252,30483,68466fdf0d77cbfbcd59c1a5
3911,מלון קמפינסקי,178105.27,664617.5,34.76648321957398,32.07408387215349,0,0,2025-08-13 20:43:32,835-3911,30484,6853d383cf069ead3d732169
3411,גן לונדון,178167.61,665003.12,34.76712694973755,32.077563466603806,0,0,2025-08-13 20:43:32,835-3411,30485,6853e431cf069ead3d7321ce
3551,הירקון 29,177977.43,664321.33,34.76514211506653,32.07140874444626,1,0,2025-08-13 20:43:32,835-3551,30486,6853e4e7cf069ead3d7321d7
4172,שדרות ירושלים 110,177222.03,661227.6,34.757277878234866,32.04348455949054,0,0,2025-08-13 20:43:33,835-4172,30487,6853e5bb0d77cbfbcd59f5ff
4161,רביעיית פלורנטין,178086.56,662505.03,34.76637593121338,32.0550335301278,0,0,2025-08-13 20:43:33,835-4161,30488,6853e6ef0d77cbfbcd59f60e
3691,מגדל שלום,178465.75,663571.39,34.77034560055542,32.0646626203559,4,0,2025-08-13 20:43:33,835-3691,30489,6853e7f30d77cbfbcd59f613
4162,אברבנאל 74,178142.13,662591.53,34.76696065277863,32.055815533718,3,0,2025-08-13 20:43:33,835-4162,30490,6853e8a70d77cbfbcd59f614
4043,קיבוץ גלויות 17,178008.68,662291.55,34.765560539672855,32.05310577180142,0,0,2025-08-13 20:43:33,835-4043,30491,6853ea32cf069ead3d73220b
4164,גינת אליפלט,177939.38,662691.62,34.764809521148685,32.056711192409296,0,0,2025-08-13 20:43:33,835-4164,30492,6853eae10d77cbfbcd59f62e
4163,שלבים/סלמה,177981.94,662442.9,34.765270861099246,32.05446975595134,0,0,2025-08-13 20:43:33,835-4163,30493,6853eb880d77cbfbcd59f631
3052,רוקח/נמיר,180747.08,667455.19,34.794348101293956,32.09976353735318,4,0,2025-08-13 20:43:33,835-3052,30494,685d2b39755848d4fece102b
3053,גן הבנים,179582.86,667306.39,34.78202066866151,32.09838205123207,3,0,2025-08-13 20:43:33,835-3053,30495,685d2bfd755848d4fece102e
3041,מסוף רדינג,179304.19,667331.13,34.77906755653611,32.0985956376227,1,0,2025-08-13 20:43:33,835-3041,30496,685d2cf3944f73be968aaf68
3751,יהודה הלוי/נחלת בנימין,178671.26,663231.87,34.77253637758485,32.06160794945728,0,0,2025-08-13 20:43:33,835-3751,30497,6861067b576698a341854866
3711,הרכבת 20,179173.5,663414.49,34.77784715143434,32.06327185275164,0,0,2025-08-13 20:43:33,835-3711,30498,68610709576698a341854869
2095,מגדל עתידים,185347.9,669254.52,34.843024830496226,32.11614637880375,0,0,2025-08-13 20:43:33,835-2095,30499,68610816576698a34185486e
3182,בן יהודה 219,178938.11,666891.28,34.77520785776368,32.094616677992576,4,0,2025-08-13 20:43:33,835-3182,30500,686108c5d84b8c3c52591a73
3631,בגין/יצחק שדה,179738.87,663683.08,34.78382311311952,32.06571321252043,1,0,2025-08-13 20:43:33,835-3631,30501,686a40ea6067efbe2a102095
3521,בגין 65,179902.84,663904.27,34.78555045572511,32.06771343996168,1,0,2025-08-13 20:43:33,835-3521,30502,686a41636067efbe2a102099
5192,יגאל אלון/מוזס,180860.44,664764.65,34.79565701929322,32.075504817888714,3,0,2025-08-13 20:43:33,835-5192,30503,686a42726067efbe2a10209c
5191,עמק ברכה 14,180948.1,664909.49,34.796579699194346,32.07681392242463,2,0,2025-08-13 20:43:34,835-5191,30504,686a438ea274282a237f7e91
2151,גני יהושע - אמפי תל-אביב,182335.21,667859.55,34.81115698814392,32.10346410458767,3,0,2025-08-13 20:43:34,835-2151,30505,68789e206067efbe2a105383
3084,גני יהושע - ראש ציפור,181945.52,666949.66,34.807063937187195,32.09524565087125,4,0,2025-08-13 20:43:34,835-3084,30506,68789e9ca274282a237fa2c6
2322,גני יהושע - גן הורדים,182713.63,668047.33,34.81515884399414,32.10517041462494,6,0,2025-08-13 20:43:34,835-2322,30507,68789fee6067efbe2a105384
3085,גני יהושע - אגם הפארק,182175.34,667343.38,34.80948328971863,32.09880396628201,5,0,2025-08-13 20:43:34,835-3085,30508,6878a08ba274282a237fa2c7
3421,גן דובנוב,179690.31,665075.23,34.78325128555298,32.078265624623484,0,0,2025-08-13 20:43:34,835-3421,30509,6892fe85a274282a238020f1
3322,בלוך 26,179762.1,665562.36,34.78399157524109,32.08266091797986,1,0,2025-08-13 20:43:34,835-3322,30510,689473eea274282a23802a21
4084,היינריך היינה/נס לגוים,177718.62,661263.28,34.76253390312195,32.04382321115445,0,0,2025-08-13 20:43:34,835-4084,30511,689476976067efbe2a10ba51
3212,עקיבא אריה 1,180424.63,666109.73,34.79098677635193,32.08761957328186,0,0,2025-08-13 20:43:34,835-3212,30512,689478cd6067efbe2a10ba53
3211,ז'בוטינסקי/משה שרת,180091.14,666043.46,34.78745698928833,32.08701055036898,0,0,2025-08-13 20:43:34,835-3211,30513,68947a23a274282a23802a38
3151,פנקס 32,180072.5,666462.85,34.78724241256714,32.09079188072871,0,0,2025-08-13 20:43:34,835-3151,30514,68947afc6067efbe2a10ba6b
3191,בן סרוק 8,179739.94,665983.3,34.78373944759369,32.0864560632913,0,0,2025-08-13 20:43:34,835-3191,30515,68947c436067efbe2a10ba6d
